rel_path,label,source,patient_id,site
data/raw/dataset/benign/1.jpg,benign,dataset,,
data/raw/dataset/benign/10.jpg,benign,dataset,,
data/raw/dataset/benign/100.jpg,benign,dataset,,
data/raw/dataset/benign/101.jpg,benign,dataset,,
data/raw/dataset/benign/102.jpg,benign,dataset,,
data/raw/dataset/benign/103.jpg,benign,dataset,,
data/raw/dataset/benign/104.jpg,benign,dataset,,
data/raw/dataset/benign/105.jpg,benign,dataset,,
data/raw/dataset/benign/106.jpg,benign,dataset,,
data/raw/dataset/benign/107.jpg,benign,dataset,,
data/raw/dataset/benign/108.jpg,benign,dataset,,
data/raw/dataset/benign/109.jpg,benign,dataset,,
data/raw/dataset/benign/11.jpg,benign,dataset,,
data/raw/dataset/benign/110.jpg,benign,dataset,,
data/raw/dataset/benign/111.jpg,benign,dataset,,
data/raw/dataset/benign/112.jpg,benign,dataset,,
data/raw/dataset/benign/113.jpg,benign,dataset,,
data/raw/dataset/benign/114.jpg,benign,dataset,,
data/raw/dataset/benign/115.jpg,benign,dataset,,
data/raw/dataset/benign/116.jpg,benign,dataset,,
data/raw/dataset/benign/117.jpg,benign,dataset,,
data/raw/dataset/benign/118.jpg,benign,dataset,,
data/raw/dataset/benign/119.jpg,benign,dataset,,
data/raw/dataset/benign/12.jpg,benign,dataset,,
data/raw/dataset/benign/120.jpg,benign,dataset,,
data/raw/dataset/benign/121.jpg,benign,dataset,,
data/raw/dataset/benign/122.jpg,benign,dataset,,
data/raw/dataset/benign/123.jpg,benign,dataset,,
data/raw/dataset/benign/124.jpg,benign,dataset,,
data/raw/dataset/benign/125.jpg,benign,dataset,,
data/raw/dataset/benign/126.jpg,benign,dataset,,
data/raw/dataset/benign/127.jpg,benign,dataset,,
data/raw/dataset/benign/128.jpg,benign,dataset,,
data/raw/dataset/benign/129.jpg,benign,dataset,,
data/raw/dataset/benign/13.jpg,benign,dataset,,
data/raw/dataset/benign/130.jpg,benign,dataset,,
data/raw/dataset/benign/131.jpg,benign,dataset,,
data/raw/dataset/benign/132.jpg,benign,dataset,,
data/raw/dataset/benign/133.jpg,benign,dataset,,
data/raw/dataset/benign/134.jpg,benign,dataset,,
data/raw/dataset/benign/135.jpg,benign,dataset,,
data/raw/dataset/benign/136.jpg,benign,dataset,,
data/raw/dataset/benign/137.jpg,benign,dataset,,
data/raw/dataset/benign/138.jpg,benign,dataset,,
data/raw/dataset/benign/139.jpg,benign,dataset,,
data/raw/dataset/benign/14.jpg,benign,dataset,,
data/raw/dataset/benign/140.jpg,benign,dataset,,
data/raw/dataset/benign/141.jpg,benign,dataset,,
data/raw/dataset/benign/142.jpg,benign,dataset,,
data/raw/dataset/benign/143.jpg,benign,dataset,,
data/raw/dataset/benign/144.jpg,benign,dataset,,
data/raw/dataset/benign/145.jpg,benign,dataset,,
data/raw/dataset/benign/146.jpg,benign,dataset,,
data/raw/dataset/benign/147.jpg,benign,dataset,,
data/raw/dataset/benign/148.jpg,benign,dataset,,
data/raw/dataset/benign/149.jpg,benign,dataset,,
data/raw/dataset/benign/15.jpg,benign,dataset,,
data/raw/dataset/benign/150.jpg,benign,dataset,,
data/raw/dataset/benign/151.jpg,benign,dataset,,
data/raw/dataset/benign/152.jpg,benign,dataset,,
data/raw/dataset/benign/153.jpg,benign,dataset,,
data/raw/dataset/benign/154.jpg,benign,dataset,,
data/raw/dataset/benign/155.jpg,benign,dataset,,
data/raw/dataset/benign/156.jpg,benign,dataset,,
data/raw/dataset/benign/157.jpg,benign,dataset,,
data/raw/dataset/benign/158.jpg,benign,dataset,,
data/raw/dataset/benign/159.jpg,benign,dataset,,
data/raw/dataset/benign/16.jpg,benign,dataset,,
data/raw/dataset/benign/160.jpg,benign,dataset,,
data/raw/dataset/benign/161.jpg,benign,dataset,,
data/raw/dataset/benign/162.jpg,benign,dataset,,
data/raw/dataset/benign/163.jpg,benign,dataset,,
data/raw/dataset/benign/164.jpg,benign,dataset,,
data/raw/dataset/benign/165.jpg,benign,dataset,,
data/raw/dataset/benign/17.jpg,benign,dataset,,
data/raw/dataset/benign/18.jpg,benign,dataset,,
data/raw/dataset/benign/19.jpg,benign,dataset,,
data/raw/dataset/benign/2.jpg,benign,dataset,,
data/raw/dataset/benign/20.jpg,benign,dataset,,
data/raw/dataset/benign/21.jpg,benign,dataset,,
data/raw/dataset/benign/22.jpg,benign,dataset,,
data/raw/dataset/benign/23.jpg,benign,dataset,,
data/raw/dataset/benign/24.jpg,benign,dataset,,
data/raw/dataset/benign/25.jpg,benign,dataset,,
data/raw/dataset/benign/26.jpg,benign,dataset,,
data/raw/dataset/benign/27.jpg,benign,dataset,,
data/raw/dataset/benign/28.jpg,benign,dataset,,
data/raw/dataset/benign/29.jpg,benign,dataset,,
data/raw/dataset/benign/3.jpg,benign,dataset,,
data/raw/dataset/benign/30.jpg,benign,dataset,,
data/raw/dataset/benign/31.jpg,benign,dataset,,
data/raw/dataset/benign/32.jpg,benign,dataset,,
data/raw/dataset/benign/33.jpg,benign,dataset,,
data/raw/dataset/benign/34.jpg,benign,dataset,,
data/raw/dataset/benign/35.jpg,benign,dataset,,
data/raw/dataset/benign/36.jpg,benign,dataset,,
data/raw/dataset/benign/37.jpg,benign,dataset,,
data/raw/dataset/benign/38.jpg,benign,dataset,,
data/raw/dataset/benign/39.jpg,benign,dataset,,
data/raw/dataset/benign/4.jpg,benign,dataset,,
data/raw/dataset/benign/40.jpg,benign,dataset,,
data/raw/dataset/benign/41.jpg,benign,dataset,,
data/raw/dataset/benign/42.jpg,benign,dataset,,
data/raw/dataset/benign/43.jpg,benign,dataset,,
data/raw/dataset/benign/44.jpg,benign,dataset,,
data/raw/dataset/benign/45.jpg,benign,dataset,,
data/raw/dataset/benign/46.jpg,benign,dataset,,
data/raw/dataset/benign/47.jpg,benign,dataset,,
data/raw/dataset/benign/48.jpg,benign,dataset,,
data/raw/dataset/benign/49.jpg,benign,dataset,,
data/raw/dataset/benign/5.jpg,benign,dataset,,
data/raw/dataset/benign/50.jpg,benign,dataset,,
data/raw/dataset/benign/51.jpg,benign,dataset,,
data/raw/dataset/benign/52.jpg,benign,dataset,,
data/raw/dataset/benign/53.jpg,benign,dataset,,
data/raw/dataset/benign/54.jpg,benign,dataset,,
data/raw/dataset/benign/55.jpg,benign,dataset,,
data/raw/dataset/benign/56.jpg,benign,dataset,,
data/raw/dataset/benign/57.jpg,benign,dataset,,
data/raw/dataset/benign/58.jpg,benign,dataset,,
data/raw/dataset/benign/59.jpg,benign,dataset,,
data/raw/dataset/benign/6.jpg,benign,dataset,,
data/raw/dataset/benign/60.jpg,benign,dataset,,
data/raw/dataset/benign/61.jpg,benign,dataset,,
data/raw/dataset/benign/62.jpg,benign,dataset,,
data/raw/dataset/benign/63.jpg,benign,dataset,,
data/raw/dataset/benign/64.jpg,benign,dataset,,
data/raw/dataset/benign/65.jpg,benign,dataset,,
data/raw/dataset/benign/66.jpg,benign,dataset,,
data/raw/dataset/benign/67.jpg,benign,dataset,,
data/raw/dataset/benign/68.jpg,benign,dataset,,
data/raw/dataset/benign/69.jpg,benign,dataset,,
data/raw/dataset/benign/7.jpg,benign,dataset,,
data/raw/dataset/benign/70.jpg,benign,dataset,,
data/raw/dataset/benign/71.jpg,benign,dataset,,
data/raw/dataset/benign/72.jpg,benign,dataset,,
data/raw/dataset/benign/73.jpg,benign,dataset,,
data/raw/dataset/benign/74.jpg,benign,dataset,,
data/raw/dataset/benign/75.jpg,benign,dataset,,
data/raw/dataset/benign/76.jpg,benign,dataset,,
data/raw/dataset/benign/77.jpg,benign,dataset,,
data/raw/dataset/benign/78.jpg,benign,dataset,,
data/raw/dataset/benign/79.jpg,benign,dataset,,
data/raw/dataset/benign/8.jpg,benign,dataset,,
data/raw/dataset/benign/80.jpg,benign,dataset,,
data/raw/dataset/benign/81.jpg,benign,dataset,,
data/raw/dataset/benign/82.jpg,benign,dataset,,
data/raw/dataset/benign/83.jpg,benign,dataset,,
data/raw/dataset/benign/84.jpg,benign,dataset,,
data/raw/dataset/benign/85.jpg,benign,dataset,,
data/raw/dataset/benign/86.jpg,benign,dataset,,
data/raw/dataset/benign/87.jpg,benign,dataset,,
data/raw/dataset/benign/88.jpg,benign,dataset,,
data/raw/dataset/benign/89.jpg,benign,dataset,,
data/raw/dataset/benign/9.jpg,benign,dataset,,
data/raw/dataset/benign/90.jpg,benign,dataset,,
data/raw/dataset/benign/91.jpg,benign,dataset,,
data/raw/dataset/benign/92.jpg,benign,dataset,,
data/raw/dataset/benign/93.jpg,benign,dataset,,
data/raw/dataset/benign/94.jpg,benign,dataset,,
data/raw/dataset/benign/95.jpg,benign,dataset,,
data/raw/dataset/benign/96.jpg,benign,dataset,,
data/raw/dataset/benign/97.jpg,benign,dataset,,
data/raw/dataset/benign/98.jpg,benign,dataset,,
data/raw/dataset/benign/99.jpg,benign,dataset,,
data/raw/dataset/malign/1.jpg,malign,dataset,,
data/raw/dataset/malign/10.jpg,malign,dataset,,
data/raw/dataset/malign/100.jpg,malign,dataset,,
data/raw/dataset/malign/101.jpg,malign,dataset,,
data/raw/dataset/malign/102.jpg,malign,dataset,,
data/raw/dataset/malign/103.jpg,malign,dataset,,
data/raw/dataset/malign/104.jpg,malign,dataset,,
data/raw/dataset/malign/105.jpg,malign,dataset,,
data/raw/dataset/malign/106.jpg,malign,dataset,,
data/raw/dataset/malign/107.jpg,malign,dataset,,
data/raw/dataset/malign/108.jpg,malign,dataset,,
data/raw/dataset/malign/109.jpg,malign,dataset,,
data/raw/dataset/malign/11.jpg,malign,dataset,,
data/raw/dataset/malign/110.jpg,malign,dataset,,
data/raw/dataset/malign/111.jpg,malign,dataset,,
data/raw/dataset/malign/112.jpg,malign,dataset,,
data/raw/dataset/malign/113.jpg,malign,dataset,,
data/raw/dataset/malign/114.jpg,malign,dataset,,
data/raw/dataset/malign/115.jpg,malign,dataset,,
data/raw/dataset/malign/116.jpg,malign,dataset,,
data/raw/dataset/malign/117.jpg,malign,dataset,,
data/raw/dataset/malign/118.jpg,malign,dataset,,
data/raw/dataset/malign/119.jpg,malign,dataset,,
data/raw/dataset/malign/12.jpg,malign,dataset,,
data/raw/dataset/malign/120.jpg,malign,dataset,,
data/raw/dataset/malign/121.jpg,malign,dataset,,
data/raw/dataset/malign/122.jpg,malign,dataset,,
data/raw/dataset/malign/123.jpg,malign,dataset,,
data/raw/dataset/malign/124.jpg,malign,dataset,,
data/raw/dataset/malign/125.jpg,malign,dataset,,
data/raw/dataset/malign/126.jpg,malign,dataset,,
data/raw/dataset/malign/127.jpg,malign,dataset,,
data/raw/dataset/malign/128.jpg,malign,dataset,,
data/raw/dataset/malign/129.jpg,malign,dataset,,
data/raw/dataset/malign/13.jpg,malign,dataset,,
data/raw/dataset/malign/130.jpg,malign,dataset,,
data/raw/dataset/malign/131.jpg,malign,dataset,,
data/raw/dataset/malign/132.jpg,malign,dataset,,
data/raw/dataset/malign/133.jpg,malign,dataset,,
data/raw/dataset/malign/134.jpg,malign,dataset,,
data/raw/dataset/malign/135.jpg,malign,dataset,,
data/raw/dataset/malign/136.jpg,malign,dataset,,
data/raw/dataset/malign/137.jpg,malign,dataset,,
data/raw/dataset/malign/138.jpg,malign,dataset,,
data/raw/dataset/malign/139.jpg,malign,dataset,,
data/raw/dataset/malign/14.jpg,malign,dataset,,
data/raw/dataset/malign/140.jpg,malign,dataset,,
data/raw/dataset/malign/141.jpg,malign,dataset,,
data/raw/dataset/malign/142.jpeg,malign,dataset,,
data/raw/dataset/malign/143.jpg,malign,dataset,,
data/raw/dataset/malign/144.jpg,malign,dataset,,
data/raw/dataset/malign/145.jpg,malign,dataset,,
data/raw/dataset/malign/146.jpg,malign,dataset,,
data/raw/dataset/malign/147.jpg,malign,dataset,,
data/raw/dataset/malign/148.jpg,malign,dataset,,
data/raw/dataset/malign/149.jpg,malign,dataset,,
data/raw/dataset/malign/15.jpg,malign,dataset,,
data/raw/dataset/malign/150.jpg,malign,dataset,,
data/raw/dataset/malign/151.jpg,malign,dataset,,
data/raw/dataset/malign/152.jpg,malign,dataset,,
data/raw/dataset/malign/153.jpg,malign,dataset,,
data/raw/dataset/malign/154.jpg,malign,dataset,,
data/raw/dataset/malign/155.jpg,malign,dataset,,
data/raw/dataset/malign/156.jpg,malign,dataset,,
data/raw/dataset/malign/157.jpg,malign,dataset,,
data/raw/dataset/malign/158.jpg,malign,dataset,,
data/raw/dataset/malign/16.jpg,malign,dataset,,
data/raw/dataset/malign/17.jpg,malign,dataset,,
data/raw/dataset/malign/18.jpg,malign,dataset,,
data/raw/dataset/malign/19.jpg,malign,dataset,,
data/raw/dataset/malign/2.jpg,malign,dataset,,
data/raw/dataset/malign/20.jpg,malign,dataset,,
data/raw/dataset/malign/21.jpg,malign,dataset,,
data/raw/dataset/malign/22.jpg,malign,dataset,,
data/raw/dataset/malign/23.jpg,malign,dataset,,
data/raw/dataset/malign/24.jpg,malign,dataset,,
data/raw/dataset/malign/25.jpg,malign,dataset,,
data/raw/dataset/malign/26.jpg,malign,dataset,,
data/raw/dataset/malign/27.jpg,malign,dataset,,
data/raw/dataset/malign/28.jpg,malign,dataset,,
data/raw/dataset/malign/29.jpg,malign,dataset,,
data/raw/dataset/malign/3.jpg,malign,dataset,,
data/raw/dataset/malign/30.jpg,malign,dataset,,
data/raw/dataset/malign/31.jpg,malign,dataset,,
data/raw/dataset/malign/32.jpg,malign,dataset,,
data/raw/dataset/malign/33.jpg,malign,dataset,,
data/raw/dataset/malign/34.jpg,malign,dataset,,
data/raw/dataset/malign/35.jpg,malign,dataset,,
data/raw/dataset/malign/36.jpg,malign,dataset,,
data/raw/dataset/malign/37.jpg,malign,dataset,,
data/raw/dataset/malign/38.jpg,malign,dataset,,
data/raw/dataset/malign/39.jpg,malign,dataset,,
data/raw/dataset/malign/4.jpg,malign,dataset,,
data/raw/dataset/malign/40.jpg,malign,dataset,,
data/raw/dataset/malign/41.jpg,malign,dataset,,
data/raw/dataset/malign/42.jpg,malign,dataset,,
data/raw/dataset/malign/43.jpg,malign,dataset,,
data/raw/dataset/malign/44.jpg,malign,dataset,,
data/raw/dataset/malign/45.jpg,malign,dataset,,
data/raw/dataset/malign/46.jpg,malign,dataset,,
data/raw/dataset/malign/47.jpg,malign,dataset,,
data/raw/dataset/malign/48.jpg,malign,dataset,,
data/raw/dataset/malign/49.jpg,malign,dataset,,
data/raw/dataset/malign/5.jpg,malign,dataset,,
data/raw/dataset/malign/50.jpg,malign,dataset,,
data/raw/dataset/malign/51.jpg,malign,dataset,,
data/raw/dataset/malign/52.jpg,malign,dataset,,
data/raw/dataset/malign/53.jpg,malign,dataset,,
data/raw/dataset/malign/54.jpg,malign,dataset,,
data/raw/dataset/malign/55.jpg,malign,dataset,,
data/raw/dataset/malign/56.jpg,malign,dataset,,
data/raw/dataset/malign/57.jpg,malign,dataset,,
data/raw/dataset/malign/58.jpg,malign,dataset,,
data/raw/dataset/malign/59.jpg,malign,dataset,,
data/raw/dataset/malign/6.jpg,malign,dataset,,
data/raw/dataset/malign/60.jpg,malign,dataset,,
data/raw/dataset/malign/61.jpg,malign,dataset,,
data/raw/dataset/malign/62.jpg,malign,dataset,,
data/raw/dataset/malign/63.jpg,malign,dataset,,
data/raw/dataset/malign/64.jpg,malign,dataset,,
data/raw/dataset/malign/65.jpg,malign,dataset,,
data/raw/dataset/malign/66.jpg,malign,dataset,,
data/raw/dataset/malign/67.jpg,malign,dataset,,
data/raw/dataset/malign/68.jpg,malign,dataset,,
data/raw/dataset/malign/69.jpg,malign,dataset,,
data/raw/dataset/malign/7.jpg,malign,dataset,,
data/raw/dataset/malign/70.jpg,malign,dataset,,
data/raw/dataset/malign/71.jpg,malign,dataset,,
data/raw/dataset/malign/72.jpg,malign,dataset,,
data/raw/dataset/malign/73.jpg,malign,dataset,,
data/raw/dataset/malign/74.jpg,malign,dataset,,
data/raw/dataset/malign/75.jpg,malign,dataset,,
data/raw/dataset/malign/76.jpg,malign,dataset,,
data/raw/dataset/malign/77.jpg,malign,dataset,,
data/raw/dataset/malign/78.jpg,malign,dataset,,
data/raw/dataset/malign/79.jpg,malign,dataset,,
data/raw/dataset/malign/8.jpg,malign,dataset,,
data/raw/dataset/malign/80.jpg,malign,dataset,,
data/raw/dataset/malign/81.jpg,malign,dataset,,
data/raw/dataset/malign/82.jpg,malign,dataset,,
data/raw/dataset/malign/83.jpg,malign,dataset,,
data/raw/dataset/malign/84.jpg,malign,dataset,,
data/raw/dataset/malign/85.jpg,malign,dataset,,
data/raw/dataset/malign/86.jpg,malign,dataset,,
data/raw/dataset/malign/87.jpg,malign,dataset,,
data/raw/dataset/malign/88.jpg,malign,dataset,,
data/raw/dataset/malign/89.jpg,malign,dataset,,
data/raw/dataset/malign/9.jpg,malign,dataset,,
data/raw/dataset/malign/90.jpg,malign,dataset,,
data/raw/dataset/malign/91.jpg,malign,dataset,,
data/raw/dataset/malign/92.jpg,malign,dataset,,
data/raw/dataset/malign/93.jpg,malign,dataset,,
data/raw/dataset/malign/94.jpg,malign,dataset,,
data/raw/dataset/malign/95.jpg,malign,dataset,,
data/raw/dataset/malign/96.jpg,malign,dataset,,
data/raw/dataset/malign/97.jpg,malign,dataset,,
data/raw/dataset/malign/98.jpg,malign,dataset,,
data/raw/dataset/malign/99.jpg,malign,dataset,,
data/raw/dataset_1/benign/1.jpg,benign,dataset_1,,
data/raw/dataset_1/benign/10.jpg,benign,dataset_1,,
data/raw/dataset_1/benign/100.jpg,benign,dataset_1,,
data/raw/dataset_1/benign/1000.jpg,benign,dataset_1,,
data/raw/dataset_1/benign/1001.jpg,benign,dataset_1,,
data/raw/dataset_1/benign/1002.jpg,benign,dataset_1,,
data/raw/dataset_1/benign/1003.jpg,benign,dataset_1,,
data/raw/dataset_1/benign/1004.jpg,benign,dataset_1,,
data/raw/dataset_1/benign/1005.jpg,benign,dataset_1,,
data/raw/dataset_1/benign/1006.jpg,benign,dataset_1,,
data/raw/dataset_1/benign/1007.jpg,benign,dataset_1,,
data/raw/dataset_1/benign/1008.jpg,benign,dataset_1,,
data/raw/dataset_1/benign/1009.jpg,benign,dataset_1,,
data/raw/dataset_1/benign/101.jpg,benign,dataset_1,,
data/raw/dataset_1/benign/1010.jpg,benign,dataset_1,,
data/raw/dataset_1/benign/1011.jpg,benign,dataset_1,,
data/raw/dataset_1/benign/1012.jpg,benign,dataset_1,,
data/raw/dataset_1/benign/1013.jpg,benign,dataset_1,,
data/raw/dataset_1/benign/1014.jpg,benign,dataset_1,,
data/raw/dataset_1/benign/1015.jpg,benign,dataset_1,,
data/raw/dataset_1/benign/1016.jpg,benign,dataset_1,,
data/raw/dataset_1/benign/1017.jpg,benign,dataset_1,,
data/raw/dataset_1/benign/1018.jpg,benign,dataset_1,,
data/raw/dataset_1/benign/1019.jpg,benign,dataset_1,,
data/raw/dataset_1/benign/102.jpg,benign,dataset_1,,
data/raw/dataset_1/benign/1020.jpg,benign,dataset_1,,
data/raw/dataset_1/benign/1021.jpg,benign,dataset_1,,
data/raw/dataset_1/benign/1022.jpg,benign,dataset_1,,
data/raw/dataset_1/benign/1023.jpg,benign,dataset_1,,
data/raw/dataset_1/benign/1024.jpg,benign,dataset_1,,
data/raw/dataset_1/benign/1025.jpg,benign,dataset_1,,
data/raw/dataset_1/benign/1026.jpg,benign,dataset_1,,
data/raw/dataset_1/benign/1027.jpg,benign,dataset_1,,
data/raw/dataset_1/benign/1028.jpg,benign,dataset_1,,
data/raw/dataset_1/benign/1029.jpg,benign,dataset_1,,
data/raw/dataset_1/benign/103.jpg,benign,dataset_1,,
data/raw/dataset_1/benign/1030.jpg,benign,dataset_1,,
data/raw/dataset_1/benign/1031.jpg,benign,dataset_1,,
data/raw/dataset_1/benign/1032.jpg,benign,dataset_1,,
data/raw/dataset_1/benign/1033.jpg,benign,dataset_1,,
data/raw/dataset_1/benign/1034.jpg,benign,dataset_1,,
data/raw/dataset_1/benign/1035.jpg,benign,dataset_1,,
data/raw/dataset_1/benign/1036.jpg,benign,dataset_1,,
data/raw/dataset_1/benign/1037.jpg,benign,dataset_1,,
data/raw/dataset_1/benign/1038.jpg,benign,dataset_1,,
data/raw/dataset_1/benign/1039.jpg,benign,dataset_1,,
data/raw/dataset_1/benign/104.jpg,benign,dataset_1,,
data/raw/dataset_1/benign/1040.jpg,benign,dataset_1,,
data/raw/dataset_1/benign/1041.jpg,benign,dataset_1,,
data/raw/dataset_1/benign/1042.jpg,benign,dataset_1,,
data/raw/dataset_1/benign/1043.jpg,benign,dataset_1,,
data/raw/dataset_1/benign/1044.jpg,benign,dataset_1,,
data/raw/dataset_1/benign/1045.jpg,benign,dataset_1,,
data/raw/dataset_1/benign/1046.jpg,benign,dataset_1,,
data/raw/dataset_1/benign/1047.jpg,benign,dataset_1,,
data/raw/dataset_1/benign/1048.jpg,benign,dataset_1,,
data/raw/dataset_1/benign/1049.jpg,benign,dataset_1,,
data/raw/dataset_1/benign/105.jpg,benign,dataset_1,,
data/raw/dataset_1/benign/1050.jpg,benign,dataset_1,,
data/raw/dataset_1/benign/1051.jpg,benign,dataset_1,,
data/raw/dataset_1/benign/1052.jpg,benign,dataset_1,,
data/raw/dataset_1/benign/1053.jpg,benign,dataset_1,,
data/raw/dataset_1/benign/1054.jpg,benign,dataset_1,,
data/raw/dataset_1/benign/1055.jpg,benign,dataset_1,,
data/raw/dataset_1/benign/1056.jpg,benign,dataset_1,,
data/raw/dataset_1/benign/1057.jpg,benign,dataset_1,,
data/raw/dataset_1/benign/1058.jpg,benign,dataset_1,,
data/raw/dataset_1/benign/1059.jpg,benign,dataset_1,,
data/raw/dataset_1/benign/106.jpg,benign,dataset_1,,
data/raw/dataset_1/benign/1060.jpg,benign,dataset_1,,
data/raw/dataset_1/benign/1061.jpg,benign,dataset_1,,
data/raw/dataset_1/benign/1062.jpg,benign,dataset_1,,
data/raw/dataset_1/benign/1063.jpg,benign,dataset_1,,
data/raw/dataset_1/benign/1064.jpg,benign,dataset_1,,
data/raw/dataset_1/benign/1065.jpg,benign,dataset_1,,
data/raw/dataset_1/benign/107.jpg,benign,dataset_1,,
data/raw/dataset_1/benign/108.jpg,benign,dataset_1,,
data/raw/dataset_1/benign/109.jpg,benign,dataset_1,,
data/raw/dataset_1/benign/11.jpg,benign,dataset_1,,
data/raw/dataset_1/benign/110.jpg,benign,dataset_1,,
data/raw/dataset_1/benign/1101.jpg,benign,dataset_1,,
data/raw/dataset_1/benign/1102.jpg,benign,dataset_1,,
data/raw/dataset_1/benign/1103.jpg,benign,dataset_1,,
data/raw/dataset_1/benign/1104.jpg,benign,dataset_1,,
data/raw/dataset_1/benign/1105.jpg,benign,dataset_1,,
data/raw/dataset_1/benign/1106.jpg,benign,dataset_1,,
data/raw/dataset_1/benign/1107.jpg,benign,dataset_1,,
data/raw/dataset_1/benign/1108.jpg,benign,dataset_1,,
data/raw/dataset_1/benign/1109.jpg,benign,dataset_1,,
data/raw/dataset_1/benign/111.jpg,benign,dataset_1,,
data/raw/dataset_1/benign/1110.jpg,benign,dataset_1,,
data/raw/dataset_1/benign/1111.jpg,benign,dataset_1,,
data/raw/dataset_1/benign/1112.jpg,benign,dataset_1,,
data/raw/dataset_1/benign/1113.jpg,benign,dataset_1,,
data/raw/dataset_1/benign/1114.jpg,benign,dataset_1,,
data/raw/dataset_1/benign/1115.jpg,benign,dataset_1,,
data/raw/dataset_1/benign/1116.jpg,benign,dataset_1,,
data/raw/dataset_1/benign/1117.jpg,benign,dataset_1,,
data/raw/dataset_1/benign/1118.jpg,benign,dataset_1,,
data/raw/dataset_1/benign/1119.jpg,benign,dataset_1,,
data/raw/dataset_1/benign/112.jpg,benign,dataset_1,,
data/raw/dataset_1/benign/1120.jpg,benign,dataset_1,,
data/raw/dataset_1/benign/1121.jpg,benign,dataset_1,,
data/raw/dataset_1/benign/1122.jpg,benign,dataset_1,,
data/raw/dataset_1/benign/1123.jpg,benign,dataset_1,,
data/raw/dataset_1/benign/1124.jpg,benign,dataset_1,,
data/raw/dataset_1/benign/1125.jpg,benign,dataset_1,,
data/raw/dataset_1/benign/1126.jpg,benign,dataset_1,,
data/raw/dataset_1/benign/1127.jpg,benign,dataset_1,,
data/raw/dataset_1/benign/1128.jpg,benign,dataset_1,,
data/raw/dataset_1/benign/1129.jpg,benign,dataset_1,,
data/raw/dataset_1/benign/113.jpg,benign,dataset_1,,
data/raw/dataset_1/benign/1130.jpg,benign,dataset_1,,
data/raw/dataset_1/benign/1131.jpg,benign,dataset_1,,
data/raw/dataset_1/benign/1132.jpg,benign,dataset_1,,
data/raw/dataset_1/benign/1133.jpg,benign,dataset_1,,
data/raw/dataset_1/benign/1134.jpg,benign,dataset_1,,
data/raw/dataset_1/benign/1135.jpg,benign,dataset_1,,
data/raw/dataset_1/benign/1136.jpg,benign,dataset_1,,
data/raw/dataset_1/benign/1137.jpg,benign,dataset_1,,
data/raw/dataset_1/benign/1138.jpg,benign,dataset_1,,
data/raw/dataset_1/benign/1139.jpg,benign,dataset_1,,
data/raw/dataset_1/benign/114.jpg,benign,dataset_1,,
data/raw/dataset_1/benign/1140.jpg,benign,dataset_1,,
data/raw/dataset_1/benign/1141.jpg,benign,dataset_1,,
data/raw/dataset_1/benign/1142.jpg,benign,dataset_1,,
data/raw/dataset_1/benign/1143.jpg,benign,dataset_1,,
data/raw/dataset_1/benign/1144.jpg,benign,dataset_1,,
data/raw/dataset_1/benign/1145.jpg,benign,dataset_1,,
data/raw/dataset_1/benign/1146.jpg,benign,dataset_1,,
data/raw/dataset_1/benign/1147.jpg,benign,dataset_1,,
data/raw/dataset_1/benign/1148.jpg,benign,dataset_1,,
data/raw/dataset_1/benign/1149.jpg,benign,dataset_1,,
data/raw/dataset_1/benign/115.jpg,benign,dataset_1,,
data/raw/dataset_1/benign/1150.jpg,benign,dataset_1,,
data/raw/dataset_1/benign/1151.jpg,benign,dataset_1,,
data/raw/dataset_1/benign/1152.jpg,benign,dataset_1,,
data/raw/dataset_1/benign/1153.jpg,benign,dataset_1,,
data/raw/dataset_1/benign/1154.jpg,benign,dataset_1,,
data/raw/dataset_1/benign/1155.jpg,benign,dataset_1,,
data/raw/dataset_1/benign/1156.jpg,benign,dataset_1,,
data/raw/dataset_1/benign/1157.jpg,benign,dataset_1,,
data/raw/dataset_1/benign/1158.jpg,benign,dataset_1,,
data/raw/dataset_1/benign/1159.jpg,benign,dataset_1,,
data/raw/dataset_1/benign/116.jpg,benign,dataset_1,,
data/raw/dataset_1/benign/1160.jpg,benign,dataset_1,,
data/raw/dataset_1/benign/1161.jpg,benign,dataset_1,,
data/raw/dataset_1/benign/1162.jpg,benign,dataset_1,,
data/raw/dataset_1/benign/1163.jpg,benign,dataset_1,,
data/raw/dataset_1/benign/1164.jpg,benign,dataset_1,,
data/raw/dataset_1/benign/1165.jpg,benign,dataset_1,,
data/raw/dataset_1/benign/1166.jpg,benign,dataset_1,,
data/raw/dataset_1/benign/1167.jpg,benign,dataset_1,,
data/raw/dataset_1/benign/1168.jpg,benign,dataset_1,,
data/raw/dataset_1/benign/1169.jpg,benign,dataset_1,,
data/raw/dataset_1/benign/117.jpg,benign,dataset_1,,
data/raw/dataset_1/benign/1170.jpg,benign,dataset_1,,
data/raw/dataset_1/benign/1171.jpg,benign,dataset_1,,
data/raw/dataset_1/benign/1172.jpg,benign,dataset_1,,
data/raw/dataset_1/benign/1173.jpg,benign,dataset_1,,
data/raw/dataset_1/benign/1174.jpg,benign,dataset_1,,
data/raw/dataset_1/benign/1175.jpg,benign,dataset_1,,
data/raw/dataset_1/benign/1176.jpg,benign,dataset_1,,
data/raw/dataset_1/benign/1177.jpg,benign,dataset_1,,
data/raw/dataset_1/benign/1178.jpg,benign,dataset_1,,
data/raw/dataset_1/benign/1179.jpg,benign,dataset_1,,
data/raw/dataset_1/benign/118.jpg,benign,dataset_1,,
data/raw/dataset_1/benign/1180.jpg,benign,dataset_1,,
data/raw/dataset_1/benign/1181.jpg,benign,dataset_1,,
data/raw/dataset_1/benign/1182.jpg,benign,dataset_1,,
data/raw/dataset_1/benign/1183.jpg,benign,dataset_1,,
data/raw/dataset_1/benign/1184.jpg,benign,dataset_1,,
data/raw/dataset_1/benign/1185.jpg,benign,dataset_1,,
data/raw/dataset_1/benign/1186.jpg,benign,dataset_1,,
data/raw/dataset_1/benign/1187.jpg,benign,dataset_1,,
data/raw/dataset_1/benign/1188.jpg,benign,dataset_1,,
data/raw/dataset_1/benign/1189.jpg,benign,dataset_1,,
data/raw/dataset_1/benign/119.jpg,benign,dataset_1,,
data/raw/dataset_1/benign/1190.jpg,benign,dataset_1,,
data/raw/dataset_1/benign/1191.jpg,benign,dataset_1,,
data/raw/dataset_1/benign/1192.jpg,benign,dataset_1,,
data/raw/dataset_1/benign/1193.jpg,benign,dataset_1,,
data/raw/dataset_1/benign/1194.jpg,benign,dataset_1,,
data/raw/dataset_1/benign/1195.jpg,benign,dataset_1,,
data/raw/dataset_1/benign/1196.jpg,benign,dataset_1,,
data/raw/dataset_1/benign/1197.jpg,benign,dataset_1,,
data/raw/dataset_1/benign/1198.jpg,benign,dataset_1,,
data/raw/dataset_1/benign/1199.jpg,benign,dataset_1,,
data/raw/dataset_1/benign/12.jpg,benign,dataset_1,,
data/raw/dataset_1/benign/120.jpg,benign,dataset_1,,
data/raw/dataset_1/benign/1200.jpg,benign,dataset_1,,
data/raw/dataset_1/benign/1201.jpg,benign,dataset_1,,
data/raw/dataset_1/benign/1202.jpg,benign,dataset_1,,
data/raw/dataset_1/benign/1203.jpg,benign,dataset_1,,
data/raw/dataset_1/benign/1204.jpg,benign,dataset_1,,
data/raw/dataset_1/benign/1205.jpg,benign,dataset_1,,
data/raw/dataset_1/benign/1206.jpg,benign,dataset_1,,
data/raw/dataset_1/benign/1207.jpg,benign,dataset_1,,
data/raw/dataset_1/benign/1208.jpg,benign,dataset_1,,
data/raw/dataset_1/benign/1209.jpg,benign,dataset_1,,
data/raw/dataset_1/benign/121.jpg,benign,dataset_1,,
data/raw/dataset_1/benign/1210.jpg,benign,dataset_1,,
data/raw/dataset_1/benign/1211.jpg,benign,dataset_1,,
data/raw/dataset_1/benign/1212.jpg,benign,dataset_1,,
data/raw/dataset_1/benign/1213.jpg,benign,dataset_1,,
data/raw/dataset_1/benign/1214.jpg,benign,dataset_1,,
data/raw/dataset_1/benign/1215.jpg,benign,dataset_1,,
data/raw/dataset_1/benign/1216.jpg,benign,dataset_1,,
data/raw/dataset_1/benign/1217.jpg,benign,dataset_1,,
data/raw/dataset_1/benign/1218.jpg,benign,dataset_1,,
data/raw/dataset_1/benign/1219.jpg,benign,dataset_1,,
data/raw/dataset_1/benign/122.jpg,benign,dataset_1,,
data/raw/dataset_1/benign/1220.jpg,benign,dataset_1,,
data/raw/dataset_1/benign/1221.jpg,benign,dataset_1,,
data/raw/dataset_1/benign/1222.jpg,benign,dataset_1,,
data/raw/dataset_1/benign/1223.jpg,benign,dataset_1,,
data/raw/dataset_1/benign/1224.jpg,benign,dataset_1,,
data/raw/dataset_1/benign/1225.jpg,benign,dataset_1,,
data/raw/dataset_1/benign/1226.jpg,benign,dataset_1,,
data/raw/dataset_1/benign/1227.jpg,benign,dataset_1,,
data/raw/dataset_1/benign/1228.jpg,benign,dataset_1,,
data/raw/dataset_1/benign/1229.jpg,benign,dataset_1,,
data/raw/dataset_1/benign/123.jpg,benign,dataset_1,,
data/raw/dataset_1/benign/1230.jpg,benign,dataset_1,,
data/raw/dataset_1/benign/1231.jpg,benign,dataset_1,,
data/raw/dataset_1/benign/1232.jpg,benign,dataset_1,,
data/raw/dataset_1/benign/1233.jpg,benign,dataset_1,,
data/raw/dataset_1/benign/1234.jpg,benign,dataset_1,,
data/raw/dataset_1/benign/1235.jpg,benign,dataset_1,,
data/raw/dataset_1/benign/1236.jpg,benign,dataset_1,,
data/raw/dataset_1/benign/1237.jpg,benign,dataset_1,,
data/raw/dataset_1/benign/1238.jpg,benign,dataset_1,,
data/raw/dataset_1/benign/1239.jpg,benign,dataset_1,,
data/raw/dataset_1/benign/124.jpg,benign,dataset_1,,
data/raw/dataset_1/benign/1240.jpg,benign,dataset_1,,
data/raw/dataset_1/benign/1241.jpg,benign,dataset_1,,
data/raw/dataset_1/benign/1242.jpg,benign,dataset_1,,
data/raw/dataset_1/benign/1243.jpg,benign,dataset_1,,
data/raw/dataset_1/benign/1244.jpg,benign,dataset_1,,
data/raw/dataset_1/benign/1245.jpg,benign,dataset_1,,
data/raw/dataset_1/benign/1246.jpg,benign,dataset_1,,
data/raw/dataset_1/benign/1247.jpg,benign,dataset_1,,
data/raw/dataset_1/benign/1248.jpg,benign,dataset_1,,
data/raw/dataset_1/benign/1249.jpg,benign,dataset_1,,
data/raw/dataset_1/benign/125.jpg,benign,dataset_1,,
data/raw/dataset_1/benign/1250.jpg,benign,dataset_1,,
data/raw/dataset_1/benign/1251.jpg,benign,dataset_1,,
data/raw/dataset_1/benign/1252.jpg,benign,dataset_1,,
data/raw/dataset_1/benign/1253.jpg,benign,dataset_1,,
data/raw/dataset_1/benign/1254.jpg,benign,dataset_1,,
data/raw/dataset_1/benign/1255.jpg,benign,dataset_1,,
data/raw/dataset_1/benign/1256.jpg,benign,dataset_1,,
data/raw/dataset_1/benign/1257.jpg,benign,dataset_1,,
data/raw/dataset_1/benign/1258.jpg,benign,dataset_1,,
data/raw/dataset_1/benign/1259.jpg,benign,dataset_1,,
data/raw/dataset_1/benign/126.jpg,benign,dataset_1,,
data/raw/dataset_1/benign/1260.jpg,benign,dataset_1,,
data/raw/dataset_1/benign/1261.jpg,benign,dataset_1,,
data/raw/dataset_1/benign/1262.jpg,benign,dataset_1,,
data/raw/dataset_1/benign/1263.jpg,benign,dataset_1,,
data/raw/dataset_1/benign/1264.jpg,benign,dataset_1,,
data/raw/dataset_1/benign/1265.jpg,benign,dataset_1,,
data/raw/dataset_1/benign/127.jpg,benign,dataset_1,,
data/raw/dataset_1/benign/128.jpg,benign,dataset_1,,
data/raw/dataset_1/benign/129.jpg,benign,dataset_1,,
data/raw/dataset_1/benign/13.jpg,benign,dataset_1,,
data/raw/dataset_1/benign/130.jpg,benign,dataset_1,,
data/raw/dataset_1/benign/1301.jpg,benign,dataset_1,,
data/raw/dataset_1/benign/1302.jpg,benign,dataset_1,,
data/raw/dataset_1/benign/1303.jpg,benign,dataset_1,,
data/raw/dataset_1/benign/1304.jpg,benign,dataset_1,,
data/raw/dataset_1/benign/1305.jpg,benign,dataset_1,,
data/raw/dataset_1/benign/1306.jpg,benign,dataset_1,,
data/raw/dataset_1/benign/1307.jpg,benign,dataset_1,,
data/raw/dataset_1/benign/1308.jpg,benign,dataset_1,,
data/raw/dataset_1/benign/1309.jpg,benign,dataset_1,,
data/raw/dataset_1/benign/131.jpg,benign,dataset_1,,
data/raw/dataset_1/benign/1310.jpg,benign,dataset_1,,
data/raw/dataset_1/benign/1311.jpg,benign,dataset_1,,
data/raw/dataset_1/benign/1312.jpg,benign,dataset_1,,
data/raw/dataset_1/benign/1313.jpg,benign,dataset_1,,
data/raw/dataset_1/benign/1314.jpg,benign,dataset_1,,
data/raw/dataset_1/benign/1315.jpg,benign,dataset_1,,
data/raw/dataset_1/benign/1316.jpg,benign,dataset_1,,
data/raw/dataset_1/benign/1317.jpg,benign,dataset_1,,
data/raw/dataset_1/benign/1318.jpg,benign,dataset_1,,
data/raw/dataset_1/benign/1319.jpg,benign,dataset_1,,
data/raw/dataset_1/benign/132.jpg,benign,dataset_1,,
data/raw/dataset_1/benign/1320.jpg,benign,dataset_1,,
data/raw/dataset_1/benign/1321.jpg,benign,dataset_1,,
data/raw/dataset_1/benign/1322.jpg,benign,dataset_1,,
data/raw/dataset_1/benign/1323.jpg,benign,dataset_1,,
data/raw/dataset_1/benign/1324.jpg,benign,dataset_1,,
data/raw/dataset_1/benign/1325.jpg,benign,dataset_1,,
data/raw/dataset_1/benign/1326.jpg,benign,dataset_1,,
data/raw/dataset_1/benign/1327.jpg,benign,dataset_1,,
data/raw/dataset_1/benign/1328.jpg,benign,dataset_1,,
data/raw/dataset_1/benign/1329.jpg,benign,dataset_1,,
data/raw/dataset_1/benign/133.jpg,benign,dataset_1,,
data/raw/dataset_1/benign/1330.jpg,benign,dataset_1,,
data/raw/dataset_1/benign/1331.jpg,benign,dataset_1,,
data/raw/dataset_1/benign/1332.jpg,benign,dataset_1,,
data/raw/dataset_1/benign/1333.jpg,benign,dataset_1,,
data/raw/dataset_1/benign/1334.jpg,benign,dataset_1,,
data/raw/dataset_1/benign/1335.jpg,benign,dataset_1,,
data/raw/dataset_1/benign/1336.jpg,benign,dataset_1,,
data/raw/dataset_1/benign/1337.jpg,benign,dataset_1,,
data/raw/dataset_1/benign/1338.jpg,benign,dataset_1,,
data/raw/dataset_1/benign/1339.jpg,benign,dataset_1,,
data/raw/dataset_1/benign/134.jpg,benign,dataset_1,,
data/raw/dataset_1/benign/1340.jpg,benign,dataset_1,,
data/raw/dataset_1/benign/1341.jpg,benign,dataset_1,,
data/raw/dataset_1/benign/1342.jpg,benign,dataset_1,,
data/raw/dataset_1/benign/1343.jpg,benign,dataset_1,,
data/raw/dataset_1/benign/1344.jpg,benign,dataset_1,,
data/raw/dataset_1/benign/1345.jpg,benign,dataset_1,,
data/raw/dataset_1/benign/1346.jpg,benign,dataset_1,,
data/raw/dataset_1/benign/1347.jpg,benign,dataset_1,,
data/raw/dataset_1/benign/1348.jpg,benign,dataset_1,,
data/raw/dataset_1/benign/1349.jpg,benign,dataset_1,,
data/raw/dataset_1/benign/135.jpg,benign,dataset_1,,
data/raw/dataset_1/benign/1350.jpg,benign,dataset_1,,
data/raw/dataset_1/benign/1351.jpg,benign,dataset_1,,
data/raw/dataset_1/benign/1352.jpg,benign,dataset_1,,
data/raw/dataset_1/benign/1353.jpg,benign,dataset_1,,
data/raw/dataset_1/benign/1354.jpg,benign,dataset_1,,
data/raw/dataset_1/benign/1355.jpg,benign,dataset_1,,
data/raw/dataset_1/benign/1356.jpg,benign,dataset_1,,
data/raw/dataset_1/benign/1357.jpg,benign,dataset_1,,
data/raw/dataset_1/benign/1358.jpg,benign,dataset_1,,
data/raw/dataset_1/benign/1359.jpg,benign,dataset_1,,
data/raw/dataset_1/benign/136.jpg,benign,dataset_1,,
data/raw/dataset_1/benign/1360.jpg,benign,dataset_1,,
data/raw/dataset_1/benign/1361.jpg,benign,dataset_1,,
data/raw/dataset_1/benign/1362.jpg,benign,dataset_1,,
data/raw/dataset_1/benign/1363.jpg,benign,dataset_1,,
data/raw/dataset_1/benign/1364.jpg,benign,dataset_1,,
data/raw/dataset_1/benign/1365.jpg,benign,dataset_1,,
data/raw/dataset_1/benign/1366.jpg,benign,dataset_1,,
data/raw/dataset_1/benign/1367.jpg,benign,dataset_1,,
data/raw/dataset_1/benign/1368.jpg,benign,dataset_1,,
data/raw/dataset_1/benign/1369.jpg,benign,dataset_1,,
data/raw/dataset_1/benign/137.jpg,benign,dataset_1,,
data/raw/dataset_1/benign/1370.jpg,benign,dataset_1,,
data/raw/dataset_1/benign/1371.jpg,benign,dataset_1,,
data/raw/dataset_1/benign/1372.jpg,benign,dataset_1,,
data/raw/dataset_1/benign/1373.jpg,benign,dataset_1,,
data/raw/dataset_1/benign/1374.jpg,benign,dataset_1,,
data/raw/dataset_1/benign/1375.jpg,benign,dataset_1,,
data/raw/dataset_1/benign/1376.jpg,benign,dataset_1,,
data/raw/dataset_1/benign/1377.jpg,benign,dataset_1,,
data/raw/dataset_1/benign/1378.jpg,benign,dataset_1,,
data/raw/dataset_1/benign/1379.jpg,benign,dataset_1,,
data/raw/dataset_1/benign/138.jpg,benign,dataset_1,,
data/raw/dataset_1/benign/1380.jpg,benign,dataset_1,,
data/raw/dataset_1/benign/1381.jpg,benign,dataset_1,,
data/raw/dataset_1/benign/1382.jpg,benign,dataset_1,,
data/raw/dataset_1/benign/1383.jpg,benign,dataset_1,,
data/raw/dataset_1/benign/1384.jpg,benign,dataset_1,,
data/raw/dataset_1/benign/1385.jpg,benign,dataset_1,,
data/raw/dataset_1/benign/1386.jpg,benign,dataset_1,,
data/raw/dataset_1/benign/1387.jpg,benign,dataset_1,,
data/raw/dataset_1/benign/1388.jpg,benign,dataset_1,,
data/raw/dataset_1/benign/1389.jpg,benign,dataset_1,,
data/raw/dataset_1/benign/139.jpg,benign,dataset_1,,
data/raw/dataset_1/benign/1390.jpg,benign,dataset_1,,
data/raw/dataset_1/benign/1391.jpg,benign,dataset_1,,
data/raw/dataset_1/benign/1392.jpg,benign,dataset_1,,
data/raw/dataset_1/benign/1393.jpg,benign,dataset_1,,
data/raw/dataset_1/benign/1394.jpg,benign,dataset_1,,
data/raw/dataset_1/benign/1395.jpg,benign,dataset_1,,
data/raw/dataset_1/benign/1396.jpg,benign,dataset_1,,
data/raw/dataset_1/benign/1397.jpg,benign,dataset_1,,
data/raw/dataset_1/benign/1398.jpg,benign,dataset_1,,
data/raw/dataset_1/benign/1399.jpg,benign,dataset_1,,
data/raw/dataset_1/benign/14.jpg,benign,dataset_1,,
data/raw/dataset_1/benign/140.jpg,benign,dataset_1,,
data/raw/dataset_1/benign/1400.jpg,benign,dataset_1,,
data/raw/dataset_1/benign/1401.jpg,benign,dataset_1,,
data/raw/dataset_1/benign/1402.jpg,benign,dataset_1,,
data/raw/dataset_1/benign/1403.jpg,benign,dataset_1,,
data/raw/dataset_1/benign/1404.jpg,benign,dataset_1,,
data/raw/dataset_1/benign/1405.jpg,benign,dataset_1,,
data/raw/dataset_1/benign/1406.jpg,benign,dataset_1,,
data/raw/dataset_1/benign/1407.jpg,benign,dataset_1,,
data/raw/dataset_1/benign/1408.jpg,benign,dataset_1,,
data/raw/dataset_1/benign/1409.jpg,benign,dataset_1,,
data/raw/dataset_1/benign/141.jpg,benign,dataset_1,,
data/raw/dataset_1/benign/1410.jpg,benign,dataset_1,,
data/raw/dataset_1/benign/1411.jpg,benign,dataset_1,,
data/raw/dataset_1/benign/1412.jpg,benign,dataset_1,,
data/raw/dataset_1/benign/1413.jpg,benign,dataset_1,,
data/raw/dataset_1/benign/1414.jpg,benign,dataset_1,,
data/raw/dataset_1/benign/1415.jpg,benign,dataset_1,,
data/raw/dataset_1/benign/1416.jpg,benign,dataset_1,,
data/raw/dataset_1/benign/1417.jpg,benign,dataset_1,,
data/raw/dataset_1/benign/1418.jpg,benign,dataset_1,,
data/raw/dataset_1/benign/1419.jpg,benign,dataset_1,,
data/raw/dataset_1/benign/142.jpg,benign,dataset_1,,
data/raw/dataset_1/benign/1420.jpg,benign,dataset_1,,
data/raw/dataset_1/benign/1421.jpg,benign,dataset_1,,
data/raw/dataset_1/benign/1422.jpg,benign,dataset_1,,
data/raw/dataset_1/benign/1423.jpg,benign,dataset_1,,
data/raw/dataset_1/benign/1424.jpg,benign,dataset_1,,
data/raw/dataset_1/benign/1425.jpg,benign,dataset_1,,
data/raw/dataset_1/benign/1426.jpg,benign,dataset_1,,
data/raw/dataset_1/benign/1427.jpg,benign,dataset_1,,
data/raw/dataset_1/benign/1428.jpg,benign,dataset_1,,
data/raw/dataset_1/benign/1429.jpg,benign,dataset_1,,
data/raw/dataset_1/benign/143.jpg,benign,dataset_1,,
data/raw/dataset_1/benign/1430.jpg,benign,dataset_1,,
data/raw/dataset_1/benign/1431.jpg,benign,dataset_1,,
data/raw/dataset_1/benign/1432.jpg,benign,dataset_1,,
data/raw/dataset_1/benign/1433.jpg,benign,dataset_1,,
data/raw/dataset_1/benign/1434.jpg,benign,dataset_1,,
data/raw/dataset_1/benign/1435.jpg,benign,dataset_1,,
data/raw/dataset_1/benign/1436.jpg,benign,dataset_1,,
data/raw/dataset_1/benign/1437.jpg,benign,dataset_1,,
data/raw/dataset_1/benign/1438.jpg,benign,dataset_1,,
data/raw/dataset_1/benign/1439.jpg,benign,dataset_1,,
data/raw/dataset_1/benign/144.jpg,benign,dataset_1,,
data/raw/dataset_1/benign/1440.jpg,benign,dataset_1,,
data/raw/dataset_1/benign/1441.jpg,benign,dataset_1,,
data/raw/dataset_1/benign/1442.jpg,benign,dataset_1,,
data/raw/dataset_1/benign/1443.jpg,benign,dataset_1,,
data/raw/dataset_1/benign/1444.jpg,benign,dataset_1,,
data/raw/dataset_1/benign/1445.jpg,benign,dataset_1,,
data/raw/dataset_1/benign/1446.jpg,benign,dataset_1,,
data/raw/dataset_1/benign/1447.jpg,benign,dataset_1,,
data/raw/dataset_1/benign/1448.jpg,benign,dataset_1,,
data/raw/dataset_1/benign/1449.jpg,benign,dataset_1,,
data/raw/dataset_1/benign/145.jpg,benign,dataset_1,,
data/raw/dataset_1/benign/1450.jpg,benign,dataset_1,,
data/raw/dataset_1/benign/1451.jpg,benign,dataset_1,,
data/raw/dataset_1/benign/1452.jpg,benign,dataset_1,,
data/raw/dataset_1/benign/1453.jpg,benign,dataset_1,,
data/raw/dataset_1/benign/1454.jpg,benign,dataset_1,,
data/raw/dataset_1/benign/1455.jpg,benign,dataset_1,,
data/raw/dataset_1/benign/1456.jpg,benign,dataset_1,,
data/raw/dataset_1/benign/1457.jpg,benign,dataset_1,,
data/raw/dataset_1/benign/1458.jpg,benign,dataset_1,,
data/raw/dataset_1/benign/1459.jpg,benign,dataset_1,,
data/raw/dataset_1/benign/146.jpg,benign,dataset_1,,
data/raw/dataset_1/benign/1460.jpg,benign,dataset_1,,
data/raw/dataset_1/benign/1461.jpg,benign,dataset_1,,
data/raw/dataset_1/benign/1462.jpg,benign,dataset_1,,
data/raw/dataset_1/benign/1463.jpg,benign,dataset_1,,
data/raw/dataset_1/benign/1464.jpg,benign,dataset_1,,
data/raw/dataset_1/benign/1465.jpg,benign,dataset_1,,
data/raw/dataset_1/benign/147.jpg,benign,dataset_1,,
data/raw/dataset_1/benign/148.jpg,benign,dataset_1,,
data/raw/dataset_1/benign/149.jpg,benign,dataset_1,,
data/raw/dataset_1/benign/15.jpg,benign,dataset_1,,
data/raw/dataset_1/benign/150.jpg,benign,dataset_1,,
data/raw/dataset_1/benign/151.jpg,benign,dataset_1,,
data/raw/dataset_1/benign/152.jpg,benign,dataset_1,,
data/raw/dataset_1/benign/153.jpg,benign,dataset_1,,
data/raw/dataset_1/benign/154.jpg,benign,dataset_1,,
data/raw/dataset_1/benign/155.jpg,benign,dataset_1,,
data/raw/dataset_1/benign/156.jpg,benign,dataset_1,,
data/raw/dataset_1/benign/157.jpg,benign,dataset_1,,
data/raw/dataset_1/benign/158.jpg,benign,dataset_1,,
data/raw/dataset_1/benign/159.jpg,benign,dataset_1,,
data/raw/dataset_1/benign/16.jpg,benign,dataset_1,,
data/raw/dataset_1/benign/160.jpg,benign,dataset_1,,
data/raw/dataset_1/benign/161.jpg,benign,dataset_1,,
data/raw/dataset_1/benign/162.jpg,benign,dataset_1,,
data/raw/dataset_1/benign/163.jpg,benign,dataset_1,,
data/raw/dataset_1/benign/164.jpg,benign,dataset_1,,
data/raw/dataset_1/benign/165.jpg,benign,dataset_1,,
data/raw/dataset_1/benign/17.jpg,benign,dataset_1,,
data/raw/dataset_1/benign/18.jpg,benign,dataset_1,,
data/raw/dataset_1/benign/19.jpg,benign,dataset_1,,
data/raw/dataset_1/benign/2.jpg,benign,dataset_1,,
data/raw/dataset_1/benign/20.jpg,benign,dataset_1,,
data/raw/dataset_1/benign/201.jpg,benign,dataset_1,,
data/raw/dataset_1/benign/202.jpg,benign,dataset_1,,
data/raw/dataset_1/benign/203.jpg,benign,dataset_1,,
data/raw/dataset_1/benign/204.jpg,benign,dataset_1,,
data/raw/dataset_1/benign/205.jpg,benign,dataset_1,,
data/raw/dataset_1/benign/206.jpg,benign,dataset_1,,
data/raw/dataset_1/benign/207.jpg,benign,dataset_1,,
data/raw/dataset_1/benign/208.jpg,benign,dataset_1,,
data/raw/dataset_1/benign/209.jpg,benign,dataset_1,,
data/raw/dataset_1/benign/21.jpg,benign,dataset_1,,
data/raw/dataset_1/benign/210.jpg,benign,dataset_1,,
data/raw/dataset_1/benign/211.jpg,benign,dataset_1,,
data/raw/dataset_1/benign/212.jpg,benign,dataset_1,,
data/raw/dataset_1/benign/213.jpg,benign,dataset_1,,
data/raw/dataset_1/benign/214.jpg,benign,dataset_1,,
data/raw/dataset_1/benign/215.jpg,benign,dataset_1,,
data/raw/dataset_1/benign/216.jpg,benign,dataset_1,,
data/raw/dataset_1/benign/217.jpg,benign,dataset_1,,
data/raw/dataset_1/benign/218.jpg,benign,dataset_1,,
data/raw/dataset_1/benign/219.jpg,benign,dataset_1,,
data/raw/dataset_1/benign/22.jpg,benign,dataset_1,,
data/raw/dataset_1/benign/220.jpg,benign,dataset_1,,
data/raw/dataset_1/benign/221.jpg,benign,dataset_1,,
data/raw/dataset_1/benign/222.jpg,benign,dataset_1,,
data/raw/dataset_1/benign/223.jpg,benign,dataset_1,,
data/raw/dataset_1/benign/224.jpg,benign,dataset_1,,
data/raw/dataset_1/benign/225.jpg,benign,dataset_1,,
data/raw/dataset_1/benign/226.jpg,benign,dataset_1,,
data/raw/dataset_1/benign/227.jpg,benign,dataset_1,,
data/raw/dataset_1/benign/228.jpg,benign,dataset_1,,
data/raw/dataset_1/benign/229.jpg,benign,dataset_1,,
data/raw/dataset_1/benign/23.jpg,benign,dataset_1,,
data/raw/dataset_1/benign/230.jpg,benign,dataset_1,,
data/raw/dataset_1/benign/231.jpg,benign,dataset_1,,
data/raw/dataset_1/benign/232.jpg,benign,dataset_1,,
data/raw/dataset_1/benign/233.jpg,benign,dataset_1,,
data/raw/dataset_1/benign/234.jpg,benign,dataset_1,,
data/raw/dataset_1/benign/235.jpg,benign,dataset_1,,
data/raw/dataset_1/benign/236.jpg,benign,dataset_1,,
data/raw/dataset_1/benign/237.jpg,benign,dataset_1,,
data/raw/dataset_1/benign/238.jpg,benign,dataset_1,,
data/raw/dataset_1/benign/239.jpg,benign,dataset_1,,
data/raw/dataset_1/benign/24.jpg,benign,dataset_1,,
data/raw/dataset_1/benign/240.jpg,benign,dataset_1,,
data/raw/dataset_1/benign/241.jpg,benign,dataset_1,,
data/raw/dataset_1/benign/242.jpg,benign,dataset_1,,
data/raw/dataset_1/benign/243.jpg,benign,dataset_1,,
data/raw/dataset_1/benign/244.jpg,benign,dataset_1,,
data/raw/dataset_1/benign/245.jpg,benign,dataset_1,,
data/raw/dataset_1/benign/246.jpg,benign,dataset_1,,
data/raw/dataset_1/benign/247.jpg,benign,dataset_1,,
data/raw/dataset_1/benign/248.jpg,benign,dataset_1,,
data/raw/dataset_1/benign/249.jpg,benign,dataset_1,,
data/raw/dataset_1/benign/25.jpg,benign,dataset_1,,
data/raw/dataset_1/benign/250.jpg,benign,dataset_1,,
data/raw/dataset_1/benign/251.jpg,benign,dataset_1,,
data/raw/dataset_1/benign/252.jpg,benign,dataset_1,,
data/raw/dataset_1/benign/253.jpg,benign,dataset_1,,
data/raw/dataset_1/benign/254.jpg,benign,dataset_1,,
data/raw/dataset_1/benign/255.jpg,benign,dataset_1,,
data/raw/dataset_1/benign/256.jpg,benign,dataset_1,,
data/raw/dataset_1/benign/257.jpg,benign,dataset_1,,
data/raw/dataset_1/benign/258.jpg,benign,dataset_1,,
data/raw/dataset_1/benign/259.jpg,benign,dataset_1,,
data/raw/dataset_1/benign/26.jpg,benign,dataset_1,,
data/raw/dataset_1/benign/260.jpg,benign,dataset_1,,
data/raw/dataset_1/benign/261.jpg,benign,dataset_1,,
data/raw/dataset_1/benign/262.jpg,benign,dataset_1,,
data/raw/dataset_1/benign/263.jpg,benign,dataset_1,,
data/raw/dataset_1/benign/264.jpg,benign,dataset_1,,
data/raw/dataset_1/benign/265.jpg,benign,dataset_1,,
data/raw/dataset_1/benign/266.jpg,benign,dataset_1,,
data/raw/dataset_1/benign/267.jpg,benign,dataset_1,,
data/raw/dataset_1/benign/268.jpg,benign,dataset_1,,
data/raw/dataset_1/benign/269.jpg,benign,dataset_1,,
data/raw/dataset_1/benign/27.jpg,benign,dataset_1,,
data/raw/dataset_1/benign/270.jpg,benign,dataset_1,,
data/raw/dataset_1/benign/271.jpg,benign,dataset_1,,
data/raw/dataset_1/benign/272.jpg,benign,dataset_1,,
data/raw/dataset_1/benign/273.jpg,benign,dataset_1,,
data/raw/dataset_1/benign/274.jpg,benign,dataset_1,,
data/raw/dataset_1/benign/275.jpg,benign,dataset_1,,
data/raw/dataset_1/benign/276.jpg,benign,dataset_1,,
data/raw/dataset_1/benign/277.jpg,benign,dataset_1,,
data/raw/dataset_1/benign/278.jpg,benign,dataset_1,,
data/raw/dataset_1/benign/279.jpg,benign,dataset_1,,
data/raw/dataset_1/benign/28.jpg,benign,dataset_1,,
data/raw/dataset_1/benign/280.jpg,benign,dataset_1,,
data/raw/dataset_1/benign/281.jpg,benign,dataset_1,,
data/raw/dataset_1/benign/282.jpg,benign,dataset_1,,
data/raw/dataset_1/benign/283.jpg,benign,dataset_1,,
data/raw/dataset_1/benign/284.jpg,benign,dataset_1,,
data/raw/dataset_1/benign/285.jpg,benign,dataset_1,,
data/raw/dataset_1/benign/286.jpg,benign,dataset_1,,
data/raw/dataset_1/benign/287.jpg,benign,dataset_1,,
data/raw/dataset_1/benign/288.jpg,benign,dataset_1,,
data/raw/dataset_1/benign/289.jpg,benign,dataset_1,,
data/raw/dataset_1/benign/29.jpg,benign,dataset_1,,
data/raw/dataset_1/benign/290.jpg,benign,dataset_1,,
data/raw/dataset_1/benign/291.jpg,benign,dataset_1,,
data/raw/dataset_1/benign/292.jpg,benign,dataset_1,,
data/raw/dataset_1/benign/293.jpg,benign,dataset_1,,
data/raw/dataset_1/benign/294.jpg,benign,dataset_1,,
data/raw/dataset_1/benign/295.jpg,benign,dataset_1,,
data/raw/dataset_1/benign/296.jpg,benign,dataset_1,,
data/raw/dataset_1/benign/297.jpg,benign,dataset_1,,
data/raw/dataset_1/benign/298.jpg,benign,dataset_1,,
data/raw/dataset_1/benign/299.jpg,benign,dataset_1,,
data/raw/dataset_1/benign/3.jpg,benign,dataset_1,,
data/raw/dataset_1/benign/30.jpg,benign,dataset_1,,
data/raw/dataset_1/benign/300.jpg,benign,dataset_1,,
data/raw/dataset_1/benign/301.jpg,benign,dataset_1,,
data/raw/dataset_1/benign/302.jpg,benign,dataset_1,,
data/raw/dataset_1/benign/303.jpg,benign,dataset_1,,
data/raw/dataset_1/benign/304.jpg,benign,dataset_1,,
data/raw/dataset_1/benign/305.jpg,benign,dataset_1,,
data/raw/dataset_1/benign/306.jpg,benign,dataset_1,,
data/raw/dataset_1/benign/307.jpg,benign,dataset_1,,
data/raw/dataset_1/benign/308.jpg,benign,dataset_1,,
data/raw/dataset_1/benign/309.jpg,benign,dataset_1,,
data/raw/dataset_1/benign/31.jpg,benign,dataset_1,,
data/raw/dataset_1/benign/310.jpg,benign,dataset_1,,
data/raw/dataset_1/benign/311.jpg,benign,dataset_1,,
data/raw/dataset_1/benign/312.jpg,benign,dataset_1,,
data/raw/dataset_1/benign/313.jpg,benign,dataset_1,,
data/raw/dataset_1/benign/314.jpg,benign,dataset_1,,
data/raw/dataset_1/benign/315.jpg,benign,dataset_1,,
data/raw/dataset_1/benign/316.jpg,benign,dataset_1,,
data/raw/dataset_1/benign/317.jpg,benign,dataset_1,,
data/raw/dataset_1/benign/318.jpg,benign,dataset_1,,
data/raw/dataset_1/benign/319.jpg,benign,dataset_1,,
data/raw/dataset_1/benign/32.jpg,benign,dataset_1,,
data/raw/dataset_1/benign/320.jpg,benign,dataset_1,,
data/raw/dataset_1/benign/321.jpg,benign,dataset_1,,
data/raw/dataset_1/benign/322.jpg,benign,dataset_1,,
data/raw/dataset_1/benign/323.jpg,benign,dataset_1,,
data/raw/dataset_1/benign/324.jpg,benign,dataset_1,,
data/raw/dataset_1/benign/325.jpg,benign,dataset_1,,
data/raw/dataset_1/benign/326.jpg,benign,dataset_1,,
data/raw/dataset_1/benign/327.jpg,benign,dataset_1,,
data/raw/dataset_1/benign/328.jpg,benign,dataset_1,,
data/raw/dataset_1/benign/329.jpg,benign,dataset_1,,
data/raw/dataset_1/benign/33.jpg,benign,dataset_1,,
data/raw/dataset_1/benign/330.jpg,benign,dataset_1,,
data/raw/dataset_1/benign/331.jpg,benign,dataset_1,,
data/raw/dataset_1/benign/332.jpg,benign,dataset_1,,
data/raw/dataset_1/benign/333.jpg,benign,dataset_1,,
data/raw/dataset_1/benign/334.jpg,benign,dataset_1,,
data/raw/dataset_1/benign/335.jpg,benign,dataset_1,,
data/raw/dataset_1/benign/336.jpg,benign,dataset_1,,
data/raw/dataset_1/benign/337.jpg,benign,dataset_1,,
data/raw/dataset_1/benign/338.jpg,benign,dataset_1,,
data/raw/dataset_1/benign/339.jpg,benign,dataset_1,,
data/raw/dataset_1/benign/34.jpg,benign,dataset_1,,
data/raw/dataset_1/benign/340.jpg,benign,dataset_1,,
data/raw/dataset_1/benign/341.jpg,benign,dataset_1,,
data/raw/dataset_1/benign/342.jpg,benign,dataset_1,,
data/raw/dataset_1/benign/343.jpg,benign,dataset_1,,
data/raw/dataset_1/benign/344.jpg,benign,dataset_1,,
data/raw/dataset_1/benign/345.jpg,benign,dataset_1,,
data/raw/dataset_1/benign/346.jpg,benign,dataset_1,,
data/raw/dataset_1/benign/347.jpg,benign,dataset_1,,
data/raw/dataset_1/benign/348.jpg,benign,dataset_1,,
data/raw/dataset_1/benign/349.jpg,benign,dataset_1,,
data/raw/dataset_1/benign/35.jpg,benign,dataset_1,,
data/raw/dataset_1/benign/350.jpg,benign,dataset_1,,
data/raw/dataset_1/benign/351.jpg,benign,dataset_1,,
data/raw/dataset_1/benign/352.jpg,benign,dataset_1,,
data/raw/dataset_1/benign/353.jpg,benign,dataset_1,,
data/raw/dataset_1/benign/354.jpg,benign,dataset_1,,
data/raw/dataset_1/benign/355.jpg,benign,dataset_1,,
data/raw/dataset_1/benign/356.jpg,benign,dataset_1,,
data/raw/dataset_1/benign/357.jpg,benign,dataset_1,,
data/raw/dataset_1/benign/358.jpg,benign,dataset_1,,
data/raw/dataset_1/benign/359.jpg,benign,dataset_1,,
data/raw/dataset_1/benign/36.jpg,benign,dataset_1,,
data/raw/dataset_1/benign/360.jpg,benign,dataset_1,,
data/raw/dataset_1/benign/361.jpg,benign,dataset_1,,
data/raw/dataset_1/benign/362.jpg,benign,dataset_1,,
data/raw/dataset_1/benign/363.jpg,benign,dataset_1,,
data/raw/dataset_1/benign/364.jpg,benign,dataset_1,,
data/raw/dataset_1/benign/365.jpg,benign,dataset_1,,
data/raw/dataset_1/benign/37.jpg,benign,dataset_1,,
data/raw/dataset_1/benign/38.jpg,benign,dataset_1,,
data/raw/dataset_1/benign/39.jpg,benign,dataset_1,,
data/raw/dataset_1/benign/4.jpg,benign,dataset_1,,
data/raw/dataset_1/benign/40.jpg,benign,dataset_1,,
data/raw/dataset_1/benign/41.jpg,benign,dataset_1,,
data/raw/dataset_1/benign/42.jpg,benign,dataset_1,,
data/raw/dataset_1/benign/43.jpg,benign,dataset_1,,
data/raw/dataset_1/benign/44.jpg,benign,dataset_1,,
data/raw/dataset_1/benign/45.jpg,benign,dataset_1,,
data/raw/dataset_1/benign/46.jpg,benign,dataset_1,,
data/raw/dataset_1/benign/47.jpg,benign,dataset_1,,
data/raw/dataset_1/benign/48.jpg,benign,dataset_1,,
data/raw/dataset_1/benign/49.jpg,benign,dataset_1,,
data/raw/dataset_1/benign/5.jpg,benign,dataset_1,,
data/raw/dataset_1/benign/50.jpg,benign,dataset_1,,
data/raw/dataset_1/benign/501.jpg,benign,dataset_1,,
data/raw/dataset_1/benign/502.jpg,benign,dataset_1,,
data/raw/dataset_1/benign/503.jpg,benign,dataset_1,,
data/raw/dataset_1/benign/504.jpg,benign,dataset_1,,
data/raw/dataset_1/benign/505.jpg,benign,dataset_1,,
data/raw/dataset_1/benign/506.jpg,benign,dataset_1,,
data/raw/dataset_1/benign/507.jpg,benign,dataset_1,,
data/raw/dataset_1/benign/508.jpg,benign,dataset_1,,
data/raw/dataset_1/benign/509.jpg,benign,dataset_1,,
data/raw/dataset_1/benign/51.jpg,benign,dataset_1,,
data/raw/dataset_1/benign/510.jpg,benign,dataset_1,,
data/raw/dataset_1/benign/511.jpg,benign,dataset_1,,
data/raw/dataset_1/benign/512.jpg,benign,dataset_1,,
data/raw/dataset_1/benign/513.jpg,benign,dataset_1,,
data/raw/dataset_1/benign/514.jpg,benign,dataset_1,,
data/raw/dataset_1/benign/515.jpg,benign,dataset_1,,
data/raw/dataset_1/benign/516.jpg,benign,dataset_1,,
data/raw/dataset_1/benign/517.jpg,benign,dataset_1,,
data/raw/dataset_1/benign/518.jpg,benign,dataset_1,,
data/raw/dataset_1/benign/519.jpg,benign,dataset_1,,
data/raw/dataset_1/benign/52.jpg,benign,dataset_1,,
data/raw/dataset_1/benign/520.jpg,benign,dataset_1,,
data/raw/dataset_1/benign/521.jpg,benign,dataset_1,,
data/raw/dataset_1/benign/522.jpg,benign,dataset_1,,
data/raw/dataset_1/benign/523.jpg,benign,dataset_1,,
data/raw/dataset_1/benign/524.jpg,benign,dataset_1,,
data/raw/dataset_1/benign/525.jpg,benign,dataset_1,,
data/raw/dataset_1/benign/526.jpg,benign,dataset_1,,
data/raw/dataset_1/benign/527.jpg,benign,dataset_1,,
data/raw/dataset_1/benign/528.jpg,benign,dataset_1,,
data/raw/dataset_1/benign/529.jpg,benign,dataset_1,,
data/raw/dataset_1/benign/53.jpg,benign,dataset_1,,
data/raw/dataset_1/benign/530.jpg,benign,dataset_1,,
data/raw/dataset_1/benign/531.jpg,benign,dataset_1,,
data/raw/dataset_1/benign/532.jpg,benign,dataset_1,,
data/raw/dataset_1/benign/533.jpg,benign,dataset_1,,
data/raw/dataset_1/benign/534.jpg,benign,dataset_1,,
data/raw/dataset_1/benign/535.jpg,benign,dataset_1,,
data/raw/dataset_1/benign/536.jpg,benign,dataset_1,,
data/raw/dataset_1/benign/537.jpg,benign,dataset_1,,
data/raw/dataset_1/benign/538.jpg,benign,dataset_1,,
data/raw/dataset_1/benign/539.jpg,benign,dataset_1,,
data/raw/dataset_1/benign/54.jpg,benign,dataset_1,,
data/raw/dataset_1/benign/540.jpg,benign,dataset_1,,
data/raw/dataset_1/benign/541.jpg,benign,dataset_1,,
data/raw/dataset_1/benign/542.jpg,benign,dataset_1,,
data/raw/dataset_1/benign/543.jpg,benign,dataset_1,,
data/raw/dataset_1/benign/544.jpg,benign,dataset_1,,
data/raw/dataset_1/benign/545.jpg,benign,dataset_1,,
data/raw/dataset_1/benign/546.jpg,benign,dataset_1,,
data/raw/dataset_1/benign/547.jpg,benign,dataset_1,,
data/raw/dataset_1/benign/548.jpg,benign,dataset_1,,
data/raw/dataset_1/benign/549.jpg,benign,dataset_1,,
data/raw/dataset_1/benign/55.jpg,benign,dataset_1,,
data/raw/dataset_1/benign/550.jpg,benign,dataset_1,,
data/raw/dataset_1/benign/551.jpg,benign,dataset_1,,
data/raw/dataset_1/benign/552.jpg,benign,dataset_1,,
data/raw/dataset_1/benign/553.jpg,benign,dataset_1,,
data/raw/dataset_1/benign/554.jpg,benign,dataset_1,,
data/raw/dataset_1/benign/555.jpg,benign,dataset_1,,
data/raw/dataset_1/benign/556.jpg,benign,dataset_1,,
data/raw/dataset_1/benign/557.jpg,benign,dataset_1,,
data/raw/dataset_1/benign/558.jpg,benign,dataset_1,,
data/raw/dataset_1/benign/559.jpg,benign,dataset_1,,
data/raw/dataset_1/benign/56.jpg,benign,dataset_1,,
data/raw/dataset_1/benign/560.jpg,benign,dataset_1,,
data/raw/dataset_1/benign/561.jpg,benign,dataset_1,,
data/raw/dataset_1/benign/562.jpg,benign,dataset_1,,
data/raw/dataset_1/benign/563.jpg,benign,dataset_1,,
data/raw/dataset_1/benign/564.jpg,benign,dataset_1,,
data/raw/dataset_1/benign/565.jpg,benign,dataset_1,,
data/raw/dataset_1/benign/566.jpg,benign,dataset_1,,
data/raw/dataset_1/benign/567.jpg,benign,dataset_1,,
data/raw/dataset_1/benign/568.jpg,benign,dataset_1,,
data/raw/dataset_1/benign/569.jpg,benign,dataset_1,,
data/raw/dataset_1/benign/57.jpg,benign,dataset_1,,
data/raw/dataset_1/benign/570.jpg,benign,dataset_1,,
data/raw/dataset_1/benign/571.jpg,benign,dataset_1,,
data/raw/dataset_1/benign/572.jpg,benign,dataset_1,,
data/raw/dataset_1/benign/573.jpg,benign,dataset_1,,
data/raw/dataset_1/benign/574.jpg,benign,dataset_1,,
data/raw/dataset_1/benign/575.jpg,benign,dataset_1,,
data/raw/dataset_1/benign/576.jpg,benign,dataset_1,,
data/raw/dataset_1/benign/577.jpg,benign,dataset_1,,
data/raw/dataset_1/benign/578.jpg,benign,dataset_1,,
data/raw/dataset_1/benign/579.jpg,benign,dataset_1,,
data/raw/dataset_1/benign/58.jpg,benign,dataset_1,,
data/raw/dataset_1/benign/580.jpg,benign,dataset_1,,
data/raw/dataset_1/benign/581.jpg,benign,dataset_1,,
data/raw/dataset_1/benign/582.jpg,benign,dataset_1,,
data/raw/dataset_1/benign/583.jpg,benign,dataset_1,,
data/raw/dataset_1/benign/584.jpg,benign,dataset_1,,
data/raw/dataset_1/benign/585.jpg,benign,dataset_1,,
data/raw/dataset_1/benign/586.jpg,benign,dataset_1,,
data/raw/dataset_1/benign/587.jpg,benign,dataset_1,,
data/raw/dataset_1/benign/588.jpg,benign,dataset_1,,
data/raw/dataset_1/benign/589.jpg,benign,dataset_1,,
data/raw/dataset_1/benign/59.jpg,benign,dataset_1,,
data/raw/dataset_1/benign/590.jpg,benign,dataset_1,,
data/raw/dataset_1/benign/591.jpg,benign,dataset_1,,
data/raw/dataset_1/benign/592.jpg,benign,dataset_1,,
data/raw/dataset_1/benign/593.jpg,benign,dataset_1,,
data/raw/dataset_1/benign/594.jpg,benign,dataset_1,,
data/raw/dataset_1/benign/595.jpg,benign,dataset_1,,
data/raw/dataset_1/benign/596.jpg,benign,dataset_1,,
data/raw/dataset_1/benign/597.jpg,benign,dataset_1,,
data/raw/dataset_1/benign/598.jpg,benign,dataset_1,,
data/raw/dataset_1/benign/599.jpg,benign,dataset_1,,
data/raw/dataset_1/benign/6.jpg,benign,dataset_1,,
data/raw/dataset_1/benign/60.jpg,benign,dataset_1,,
data/raw/dataset_1/benign/600.jpg,benign,dataset_1,,
data/raw/dataset_1/benign/601.jpg,benign,dataset_1,,
data/raw/dataset_1/benign/602.jpg,benign,dataset_1,,
data/raw/dataset_1/benign/603.jpg,benign,dataset_1,,
data/raw/dataset_1/benign/604.jpg,benign,dataset_1,,
data/raw/dataset_1/benign/605.jpg,benign,dataset_1,,
data/raw/dataset_1/benign/606.jpg,benign,dataset_1,,
data/raw/dataset_1/benign/607.jpg,benign,dataset_1,,
data/raw/dataset_1/benign/608.jpg,benign,dataset_1,,
data/raw/dataset_1/benign/609.jpg,benign,dataset_1,,
data/raw/dataset_1/benign/61.jpg,benign,dataset_1,,
data/raw/dataset_1/benign/610.jpg,benign,dataset_1,,
data/raw/dataset_1/benign/611.jpg,benign,dataset_1,,
data/raw/dataset_1/benign/612.jpg,benign,dataset_1,,
data/raw/dataset_1/benign/613.jpg,benign,dataset_1,,
data/raw/dataset_1/benign/614.jpg,benign,dataset_1,,
data/raw/dataset_1/benign/615.jpg,benign,dataset_1,,
data/raw/dataset_1/benign/616.jpg,benign,dataset_1,,
data/raw/dataset_1/benign/617.jpg,benign,dataset_1,,
data/raw/dataset_1/benign/618.jpg,benign,dataset_1,,
data/raw/dataset_1/benign/619.jpg,benign,dataset_1,,
data/raw/dataset_1/benign/62.jpg,benign,dataset_1,,
data/raw/dataset_1/benign/620.jpg,benign,dataset_1,,
data/raw/dataset_1/benign/621.jpg,benign,dataset_1,,
data/raw/dataset_1/benign/622.jpg,benign,dataset_1,,
data/raw/dataset_1/benign/623.jpg,benign,dataset_1,,
data/raw/dataset_1/benign/624.jpg,benign,dataset_1,,
data/raw/dataset_1/benign/625.jpg,benign,dataset_1,,
data/raw/dataset_1/benign/626.jpg,benign,dataset_1,,
data/raw/dataset_1/benign/627.jpg,benign,dataset_1,,
data/raw/dataset_1/benign/628.jpg,benign,dataset_1,,
data/raw/dataset_1/benign/629.jpg,benign,dataset_1,,
data/raw/dataset_1/benign/63.jpg,benign,dataset_1,,
data/raw/dataset_1/benign/630.jpg,benign,dataset_1,,
data/raw/dataset_1/benign/631.jpg,benign,dataset_1,,
data/raw/dataset_1/benign/632.jpg,benign,dataset_1,,
data/raw/dataset_1/benign/633.jpg,benign,dataset_1,,
data/raw/dataset_1/benign/634.jpg,benign,dataset_1,,
data/raw/dataset_1/benign/635.jpg,benign,dataset_1,,
data/raw/dataset_1/benign/636.jpg,benign,dataset_1,,
data/raw/dataset_1/benign/637.jpg,benign,dataset_1,,
data/raw/dataset_1/benign/638.jpg,benign,dataset_1,,
data/raw/dataset_1/benign/639.jpg,benign,dataset_1,,
data/raw/dataset_1/benign/64.jpg,benign,dataset_1,,
data/raw/dataset_1/benign/640.jpg,benign,dataset_1,,
data/raw/dataset_1/benign/641.jpg,benign,dataset_1,,
data/raw/dataset_1/benign/642.jpg,benign,dataset_1,,
data/raw/dataset_1/benign/643.jpg,benign,dataset_1,,
data/raw/dataset_1/benign/644.jpg,benign,dataset_1,,
data/raw/dataset_1/benign/645.jpg,benign,dataset_1,,
data/raw/dataset_1/benign/646.jpg,benign,dataset_1,,
data/raw/dataset_1/benign/647.jpg,benign,dataset_1,,
data/raw/dataset_1/benign/648.jpg,benign,dataset_1,,
data/raw/dataset_1/benign/649.jpg,benign,dataset_1,,
data/raw/dataset_1/benign/65.jpg,benign,dataset_1,,
data/raw/dataset_1/benign/650.jpg,benign,dataset_1,,
data/raw/dataset_1/benign/651.jpg,benign,dataset_1,,
data/raw/dataset_1/benign/652.jpg,benign,dataset_1,,
data/raw/dataset_1/benign/653.jpg,benign,dataset_1,,
data/raw/dataset_1/benign/654.jpg,benign,dataset_1,,
data/raw/dataset_1/benign/655.jpg,benign,dataset_1,,
data/raw/dataset_1/benign/656.jpg,benign,dataset_1,,
data/raw/dataset_1/benign/657.jpg,benign,dataset_1,,
data/raw/dataset_1/benign/658.jpg,benign,dataset_1,,
data/raw/dataset_1/benign/659.jpg,benign,dataset_1,,
data/raw/dataset_1/benign/66.jpg,benign,dataset_1,,
data/raw/dataset_1/benign/660.jpg,benign,dataset_1,,
data/raw/dataset_1/benign/661.jpg,benign,dataset_1,,
data/raw/dataset_1/benign/662.jpg,benign,dataset_1,,
data/raw/dataset_1/benign/663.jpg,benign,dataset_1,,
data/raw/dataset_1/benign/664.jpg,benign,dataset_1,,
data/raw/dataset_1/benign/665.jpg,benign,dataset_1,,
data/raw/dataset_1/benign/67.jpg,benign,dataset_1,,
data/raw/dataset_1/benign/68.jpg,benign,dataset_1,,
data/raw/dataset_1/benign/69.jpg,benign,dataset_1,,
data/raw/dataset_1/benign/7.jpg,benign,dataset_1,,
data/raw/dataset_1/benign/70.jpg,benign,dataset_1,,
data/raw/dataset_1/benign/701.jpg,benign,dataset_1,,
data/raw/dataset_1/benign/702.jpg,benign,dataset_1,,
data/raw/dataset_1/benign/703.jpg,benign,dataset_1,,
data/raw/dataset_1/benign/704.jpg,benign,dataset_1,,
data/raw/dataset_1/benign/705.jpg,benign,dataset_1,,
data/raw/dataset_1/benign/706.jpg,benign,dataset_1,,
data/raw/dataset_1/benign/707.jpg,benign,dataset_1,,
data/raw/dataset_1/benign/708.jpg,benign,dataset_1,,
data/raw/dataset_1/benign/709.jpg,benign,dataset_1,,
data/raw/dataset_1/benign/71.jpg,benign,dataset_1,,
data/raw/dataset_1/benign/710.jpg,benign,dataset_1,,
data/raw/dataset_1/benign/711.jpg,benign,dataset_1,,
data/raw/dataset_1/benign/712.jpg,benign,dataset_1,,
data/raw/dataset_1/benign/713.jpg,benign,dataset_1,,
data/raw/dataset_1/benign/714.jpg,benign,dataset_1,,
data/raw/dataset_1/benign/715.jpg,benign,dataset_1,,
data/raw/dataset_1/benign/716.jpg,benign,dataset_1,,
data/raw/dataset_1/benign/717.jpg,benign,dataset_1,,
data/raw/dataset_1/benign/718.jpg,benign,dataset_1,,
data/raw/dataset_1/benign/719.jpg,benign,dataset_1,,
data/raw/dataset_1/benign/72.jpg,benign,dataset_1,,
data/raw/dataset_1/benign/720.jpg,benign,dataset_1,,
data/raw/dataset_1/benign/721.jpg,benign,dataset_1,,
data/raw/dataset_1/benign/722.jpg,benign,dataset_1,,
data/raw/dataset_1/benign/723.jpg,benign,dataset_1,,
data/raw/dataset_1/benign/724.jpg,benign,dataset_1,,
data/raw/dataset_1/benign/725.jpg,benign,dataset_1,,
data/raw/dataset_1/benign/726.jpg,benign,dataset_1,,
data/raw/dataset_1/benign/727.jpg,benign,dataset_1,,
data/raw/dataset_1/benign/728.jpg,benign,dataset_1,,
data/raw/dataset_1/benign/729.jpg,benign,dataset_1,,
data/raw/dataset_1/benign/73.jpg,benign,dataset_1,,
data/raw/dataset_1/benign/730.jpg,benign,dataset_1,,
data/raw/dataset_1/benign/731.jpg,benign,dataset_1,,
data/raw/dataset_1/benign/732.jpg,benign,dataset_1,,
data/raw/dataset_1/benign/733.jpg,benign,dataset_1,,
data/raw/dataset_1/benign/734.jpg,benign,dataset_1,,
data/raw/dataset_1/benign/735.jpg,benign,dataset_1,,
data/raw/dataset_1/benign/736.jpg,benign,dataset_1,,
data/raw/dataset_1/benign/737.jpg,benign,dataset_1,,
data/raw/dataset_1/benign/738.jpg,benign,dataset_1,,
data/raw/dataset_1/benign/739.jpg,benign,dataset_1,,
data/raw/dataset_1/benign/74.jpg,benign,dataset_1,,
data/raw/dataset_1/benign/740.jpg,benign,dataset_1,,
data/raw/dataset_1/benign/741.jpg,benign,dataset_1,,
data/raw/dataset_1/benign/742.jpg,benign,dataset_1,,
data/raw/dataset_1/benign/743.jpg,benign,dataset_1,,
data/raw/dataset_1/benign/744.jpg,benign,dataset_1,,
data/raw/dataset_1/benign/745.jpg,benign,dataset_1,,
data/raw/dataset_1/benign/746.jpg,benign,dataset_1,,
data/raw/dataset_1/benign/747.jpg,benign,dataset_1,,
data/raw/dataset_1/benign/748.jpg,benign,dataset_1,,
data/raw/dataset_1/benign/749.jpg,benign,dataset_1,,
data/raw/dataset_1/benign/75.jpg,benign,dataset_1,,
data/raw/dataset_1/benign/750.jpg,benign,dataset_1,,
data/raw/dataset_1/benign/751.jpg,benign,dataset_1,,
data/raw/dataset_1/benign/752.jpg,benign,dataset_1,,
data/raw/dataset_1/benign/753.jpg,benign,dataset_1,,
data/raw/dataset_1/benign/754.jpg,benign,dataset_1,,
data/raw/dataset_1/benign/755.jpg,benign,dataset_1,,
data/raw/dataset_1/benign/756.jpg,benign,dataset_1,,
data/raw/dataset_1/benign/757.jpg,benign,dataset_1,,
data/raw/dataset_1/benign/758.jpg,benign,dataset_1,,
data/raw/dataset_1/benign/759.jpg,benign,dataset_1,,
data/raw/dataset_1/benign/76.jpg,benign,dataset_1,,
data/raw/dataset_1/benign/760.jpg,benign,dataset_1,,
data/raw/dataset_1/benign/761.jpg,benign,dataset_1,,
data/raw/dataset_1/benign/762.jpg,benign,dataset_1,,
data/raw/dataset_1/benign/763.jpg,benign,dataset_1,,
data/raw/dataset_1/benign/764.jpg,benign,dataset_1,,
data/raw/dataset_1/benign/765.jpg,benign,dataset_1,,
data/raw/dataset_1/benign/766.jpg,benign,dataset_1,,
data/raw/dataset_1/benign/767.jpg,benign,dataset_1,,
data/raw/dataset_1/benign/768.jpg,benign,dataset_1,,
data/raw/dataset_1/benign/769.jpg,benign,dataset_1,,
data/raw/dataset_1/benign/77.jpg,benign,dataset_1,,
data/raw/dataset_1/benign/770.jpg,benign,dataset_1,,
data/raw/dataset_1/benign/771.jpg,benign,dataset_1,,
data/raw/dataset_1/benign/772.jpg,benign,dataset_1,,
data/raw/dataset_1/benign/773.jpg,benign,dataset_1,,
data/raw/dataset_1/benign/774.jpg,benign,dataset_1,,
data/raw/dataset_1/benign/775.jpg,benign,dataset_1,,
data/raw/dataset_1/benign/776.jpg,benign,dataset_1,,
data/raw/dataset_1/benign/777.jpg,benign,dataset_1,,
data/raw/dataset_1/benign/778.jpg,benign,dataset_1,,
data/raw/dataset_1/benign/779.jpg,benign,dataset_1,,
data/raw/dataset_1/benign/78.jpg,benign,dataset_1,,
data/raw/dataset_1/benign/780.jpg,benign,dataset_1,,
data/raw/dataset_1/benign/781.jpg,benign,dataset_1,,
data/raw/dataset_1/benign/782.jpg,benign,dataset_1,,
data/raw/dataset_1/benign/783.jpg,benign,dataset_1,,
data/raw/dataset_1/benign/784.jpg,benign,dataset_1,,
data/raw/dataset_1/benign/785.jpg,benign,dataset_1,,
data/raw/dataset_1/benign/786.jpg,benign,dataset_1,,
data/raw/dataset_1/benign/787.jpg,benign,dataset_1,,
data/raw/dataset_1/benign/788.jpg,benign,dataset_1,,
data/raw/dataset_1/benign/789.jpg,benign,dataset_1,,
data/raw/dataset_1/benign/79.jpg,benign,dataset_1,,
data/raw/dataset_1/benign/790.jpg,benign,dataset_1,,
data/raw/dataset_1/benign/791.jpg,benign,dataset_1,,
data/raw/dataset_1/benign/792.jpg,benign,dataset_1,,
data/raw/dataset_1/benign/793.jpg,benign,dataset_1,,
data/raw/dataset_1/benign/794.jpg,benign,dataset_1,,
data/raw/dataset_1/benign/795.jpg,benign,dataset_1,,
data/raw/dataset_1/benign/796.jpg,benign,dataset_1,,
data/raw/dataset_1/benign/797.jpg,benign,dataset_1,,
data/raw/dataset_1/benign/798.jpg,benign,dataset_1,,
data/raw/dataset_1/benign/799.jpg,benign,dataset_1,,
data/raw/dataset_1/benign/8.jpg,benign,dataset_1,,
data/raw/dataset_1/benign/80.jpg,benign,dataset_1,,
data/raw/dataset_1/benign/800.jpg,benign,dataset_1,,
data/raw/dataset_1/benign/801.jpg,benign,dataset_1,,
data/raw/dataset_1/benign/802.jpg,benign,dataset_1,,
data/raw/dataset_1/benign/803.jpg,benign,dataset_1,,
data/raw/dataset_1/benign/804.jpg,benign,dataset_1,,
data/raw/dataset_1/benign/805.jpg,benign,dataset_1,,
data/raw/dataset_1/benign/806.jpg,benign,dataset_1,,
data/raw/dataset_1/benign/807.jpg,benign,dataset_1,,
data/raw/dataset_1/benign/808.jpg,benign,dataset_1,,
data/raw/dataset_1/benign/809.jpg,benign,dataset_1,,
data/raw/dataset_1/benign/81.jpg,benign,dataset_1,,
data/raw/dataset_1/benign/810.jpg,benign,dataset_1,,
data/raw/dataset_1/benign/811.jpg,benign,dataset_1,,
data/raw/dataset_1/benign/812.jpg,benign,dataset_1,,
data/raw/dataset_1/benign/813.jpg,benign,dataset_1,,
data/raw/dataset_1/benign/814.jpg,benign,dataset_1,,
data/raw/dataset_1/benign/815.jpg,benign,dataset_1,,
data/raw/dataset_1/benign/816.jpg,benign,dataset_1,,
data/raw/dataset_1/benign/817.jpg,benign,dataset_1,,
data/raw/dataset_1/benign/818.jpg,benign,dataset_1,,
data/raw/dataset_1/benign/819.jpg,benign,dataset_1,,
data/raw/dataset_1/benign/82.jpg,benign,dataset_1,,
data/raw/dataset_1/benign/820.jpg,benign,dataset_1,,
data/raw/dataset_1/benign/821.jpg,benign,dataset_1,,
data/raw/dataset_1/benign/822.jpg,benign,dataset_1,,
data/raw/dataset_1/benign/823.jpg,benign,dataset_1,,
data/raw/dataset_1/benign/824.jpg,benign,dataset_1,,
data/raw/dataset_1/benign/825.jpg,benign,dataset_1,,
data/raw/dataset_1/benign/826.jpg,benign,dataset_1,,
data/raw/dataset_1/benign/827.jpg,benign,dataset_1,,
data/raw/dataset_1/benign/828.jpg,benign,dataset_1,,
data/raw/dataset_1/benign/829.jpg,benign,dataset_1,,
data/raw/dataset_1/benign/83.jpg,benign,dataset_1,,
data/raw/dataset_1/benign/830.jpg,benign,dataset_1,,
data/raw/dataset_1/benign/831.jpg,benign,dataset_1,,
data/raw/dataset_1/benign/832.jpg,benign,dataset_1,,
data/raw/dataset_1/benign/833.jpg,benign,dataset_1,,
data/raw/dataset_1/benign/834.jpg,benign,dataset_1,,
data/raw/dataset_1/benign/835.jpg,benign,dataset_1,,
data/raw/dataset_1/benign/836.jpg,benign,dataset_1,,
data/raw/dataset_1/benign/837.jpg,benign,dataset_1,,
data/raw/dataset_1/benign/838.jpg,benign,dataset_1,,
data/raw/dataset_1/benign/839.jpg,benign,dataset_1,,
data/raw/dataset_1/benign/84.jpg,benign,dataset_1,,
data/raw/dataset_1/benign/840.jpg,benign,dataset_1,,
data/raw/dataset_1/benign/841.jpg,benign,dataset_1,,
data/raw/dataset_1/benign/842.jpg,benign,dataset_1,,
data/raw/dataset_1/benign/843.jpg,benign,dataset_1,,
data/raw/dataset_1/benign/844.jpg,benign,dataset_1,,
data/raw/dataset_1/benign/845.jpg,benign,dataset_1,,
data/raw/dataset_1/benign/846.jpg,benign,dataset_1,,
data/raw/dataset_1/benign/847.jpg,benign,dataset_1,,
data/raw/dataset_1/benign/848.jpg,benign,dataset_1,,
data/raw/dataset_1/benign/849.jpg,benign,dataset_1,,
data/raw/dataset_1/benign/85.jpg,benign,dataset_1,,
data/raw/dataset_1/benign/850.jpg,benign,dataset_1,,
data/raw/dataset_1/benign/851.jpg,benign,dataset_1,,
data/raw/dataset_1/benign/852.jpg,benign,dataset_1,,
data/raw/dataset_1/benign/853.jpg,benign,dataset_1,,
data/raw/dataset_1/benign/854.jpg,benign,dataset_1,,
data/raw/dataset_1/benign/855.jpg,benign,dataset_1,,
data/raw/dataset_1/benign/856.jpg,benign,dataset_1,,
data/raw/dataset_1/benign/857.jpg,benign,dataset_1,,
data/raw/dataset_1/benign/858.jpg,benign,dataset_1,,
data/raw/dataset_1/benign/859.jpg,benign,dataset_1,,
data/raw/dataset_1/benign/86.jpg,benign,dataset_1,,
data/raw/dataset_1/benign/860.jpg,benign,dataset_1,,
data/raw/dataset_1/benign/861.jpg,benign,dataset_1,,
data/raw/dataset_1/benign/862.jpg,benign,dataset_1,,
data/raw/dataset_1/benign/863.jpg,benign,dataset_1,,
data/raw/dataset_1/benign/864.jpg,benign,dataset_1,,
data/raw/dataset_1/benign/865.jpg,benign,dataset_1,,
data/raw/dataset_1/benign/87.jpg,benign,dataset_1,,
data/raw/dataset_1/benign/88.jpg,benign,dataset_1,,
data/raw/dataset_1/benign/89.jpg,benign,dataset_1,,
data/raw/dataset_1/benign/9.jpg,benign,dataset_1,,
data/raw/dataset_1/benign/90.jpg,benign,dataset_1,,
data/raw/dataset_1/benign/901.jpg,benign,dataset_1,,
data/raw/dataset_1/benign/902.jpg,benign,dataset_1,,
data/raw/dataset_1/benign/903.jpg,benign,dataset_1,,
data/raw/dataset_1/benign/904.jpg,benign,dataset_1,,
data/raw/dataset_1/benign/905.jpg,benign,dataset_1,,
data/raw/dataset_1/benign/906.jpg,benign,dataset_1,,
data/raw/dataset_1/benign/907.jpg,benign,dataset_1,,
data/raw/dataset_1/benign/908.jpg,benign,dataset_1,,
data/raw/dataset_1/benign/909.jpg,benign,dataset_1,,
data/raw/dataset_1/benign/91.jpg,benign,dataset_1,,
data/raw/dataset_1/benign/910.jpg,benign,dataset_1,,
data/raw/dataset_1/benign/911.jpg,benign,dataset_1,,
data/raw/dataset_1/benign/912.jpg,benign,dataset_1,,
data/raw/dataset_1/benign/913.jpg,benign,dataset_1,,
data/raw/dataset_1/benign/914.jpg,benign,dataset_1,,
data/raw/dataset_1/benign/915.jpg,benign,dataset_1,,
data/raw/dataset_1/benign/916.jpg,benign,dataset_1,,
data/raw/dataset_1/benign/917.jpg,benign,dataset_1,,
data/raw/dataset_1/benign/918.jpg,benign,dataset_1,,
data/raw/dataset_1/benign/919.jpg,benign,dataset_1,,
data/raw/dataset_1/benign/92.jpg,benign,dataset_1,,
data/raw/dataset_1/benign/920.jpg,benign,dataset_1,,
data/raw/dataset_1/benign/921.jpg,benign,dataset_1,,
data/raw/dataset_1/benign/922.jpg,benign,dataset_1,,
data/raw/dataset_1/benign/923.jpg,benign,dataset_1,,
data/raw/dataset_1/benign/924.jpg,benign,dataset_1,,
data/raw/dataset_1/benign/925.jpg,benign,dataset_1,,
data/raw/dataset_1/benign/926.jpg,benign,dataset_1,,
data/raw/dataset_1/benign/927.jpg,benign,dataset_1,,
data/raw/dataset_1/benign/928.jpg,benign,dataset_1,,
data/raw/dataset_1/benign/929.jpg,benign,dataset_1,,
data/raw/dataset_1/benign/93.jpg,benign,dataset_1,,
data/raw/dataset_1/benign/930.jpg,benign,dataset_1,,
data/raw/dataset_1/benign/931.jpg,benign,dataset_1,,
data/raw/dataset_1/benign/932.jpg,benign,dataset_1,,
data/raw/dataset_1/benign/933.jpg,benign,dataset_1,,
data/raw/dataset_1/benign/934.jpg,benign,dataset_1,,
data/raw/dataset_1/benign/935.jpg,benign,dataset_1,,
data/raw/dataset_1/benign/936.jpg,benign,dataset_1,,
data/raw/dataset_1/benign/937.jpg,benign,dataset_1,,
data/raw/dataset_1/benign/938.jpg,benign,dataset_1,,
data/raw/dataset_1/benign/939.jpg,benign,dataset_1,,
data/raw/dataset_1/benign/94.jpg,benign,dataset_1,,
data/raw/dataset_1/benign/940.jpg,benign,dataset_1,,
data/raw/dataset_1/benign/941.jpg,benign,dataset_1,,
data/raw/dataset_1/benign/942.jpg,benign,dataset_1,,
data/raw/dataset_1/benign/943.jpg,benign,dataset_1,,
data/raw/dataset_1/benign/944.jpg,benign,dataset_1,,
data/raw/dataset_1/benign/945.jpg,benign,dataset_1,,
data/raw/dataset_1/benign/946.jpg,benign,dataset_1,,
data/raw/dataset_1/benign/947.jpg,benign,dataset_1,,
data/raw/dataset_1/benign/948.jpg,benign,dataset_1,,
data/raw/dataset_1/benign/949.jpg,benign,dataset_1,,
data/raw/dataset_1/benign/95.jpg,benign,dataset_1,,
data/raw/dataset_1/benign/950.jpg,benign,dataset_1,,
data/raw/dataset_1/benign/951.jpg,benign,dataset_1,,
data/raw/dataset_1/benign/952.jpg,benign,dataset_1,,
data/raw/dataset_1/benign/953.jpg,benign,dataset_1,,
data/raw/dataset_1/benign/954.jpg,benign,dataset_1,,
data/raw/dataset_1/benign/955.jpg,benign,dataset_1,,
data/raw/dataset_1/benign/956.jpg,benign,dataset_1,,
data/raw/dataset_1/benign/957.jpg,benign,dataset_1,,
data/raw/dataset_1/benign/958.jpg,benign,dataset_1,,
data/raw/dataset_1/benign/959.jpg,benign,dataset_1,,
data/raw/dataset_1/benign/96.jpg,benign,dataset_1,,
data/raw/dataset_1/benign/960.jpg,benign,dataset_1,,
data/raw/dataset_1/benign/961.jpg,benign,dataset_1,,
data/raw/dataset_1/benign/962.jpg,benign,dataset_1,,
data/raw/dataset_1/benign/963.jpg,benign,dataset_1,,
data/raw/dataset_1/benign/964.jpg,benign,dataset_1,,
data/raw/dataset_1/benign/965.jpg,benign,dataset_1,,
data/raw/dataset_1/benign/966.jpg,benign,dataset_1,,
data/raw/dataset_1/benign/967.jpg,benign,dataset_1,,
data/raw/dataset_1/benign/968.jpg,benign,dataset_1,,
data/raw/dataset_1/benign/969.jpg,benign,dataset_1,,
data/raw/dataset_1/benign/97.jpg,benign,dataset_1,,
data/raw/dataset_1/benign/970.jpg,benign,dataset_1,,
data/raw/dataset_1/benign/971.jpg,benign,dataset_1,,
data/raw/dataset_1/benign/972.jpg,benign,dataset_1,,
data/raw/dataset_1/benign/973.jpg,benign,dataset_1,,
data/raw/dataset_1/benign/974.jpg,benign,dataset_1,,
data/raw/dataset_1/benign/975.jpg,benign,dataset_1,,
data/raw/dataset_1/benign/976.jpg,benign,dataset_1,,
data/raw/dataset_1/benign/977.jpg,benign,dataset_1,,
data/raw/dataset_1/benign/978.jpg,benign,dataset_1,,
data/raw/dataset_1/benign/979.jpg,benign,dataset_1,,
data/raw/dataset_1/benign/98.jpg,benign,dataset_1,,
data/raw/dataset_1/benign/980.jpg,benign,dataset_1,,
data/raw/dataset_1/benign/981.jpg,benign,dataset_1,,
data/raw/dataset_1/benign/982.jpg,benign,dataset_1,,
data/raw/dataset_1/benign/983.jpg,benign,dataset_1,,
data/raw/dataset_1/benign/984.jpg,benign,dataset_1,,
data/raw/dataset_1/benign/985.jpg,benign,dataset_1,,
data/raw/dataset_1/benign/986.jpg,benign,dataset_1,,
data/raw/dataset_1/benign/987.jpg,benign,dataset_1,,
data/raw/dataset_1/benign/988.jpg,benign,dataset_1,,
data/raw/dataset_1/benign/989.jpg,benign,dataset_1,,
data/raw/dataset_1/benign/99.jpg,benign,dataset_1,,
data/raw/dataset_1/benign/990.jpg,benign,dataset_1,,
data/raw/dataset_1/benign/991.jpg,benign,dataset_1,,
data/raw/dataset_1/benign/992.jpg,benign,dataset_1,,
data/raw/dataset_1/benign/993.jpg,benign,dataset_1,,
data/raw/dataset_1/benign/994.jpg,benign,dataset_1,,
data/raw/dataset_1/benign/995.jpg,benign,dataset_1,,
data/raw/dataset_1/benign/996.jpg,benign,dataset_1,,
data/raw/dataset_1/benign/997.jpg,benign,dataset_1,,
data/raw/dataset_1/benign/998.jpg,benign,dataset_1,,
data/raw/dataset_1/benign/999.jpg,benign,dataset_1,,
data/raw/dataset_1/malign/1.jpg,malign,dataset_1,,
data/raw/dataset_1/malign/10.jpg,malign,dataset_1,,
data/raw/dataset_1/malign/100.jpg,malign,dataset_1,,
data/raw/dataset_1/malign/1000.jpg,malign,dataset_1,,
data/raw/dataset_1/malign/1001.jpg,malign,dataset_1,,
data/raw/dataset_1/malign/1002.jpg,malign,dataset_1,,
data/raw/dataset_1/malign/1003.jpg,malign,dataset_1,,
data/raw/dataset_1/malign/1004.jpg,malign,dataset_1,,
data/raw/dataset_1/malign/1005.jpg,malign,dataset_1,,
data/raw/dataset_1/malign/1006.jpg,malign,dataset_1,,
data/raw/dataset_1/malign/1007.jpg,malign,dataset_1,,
data/raw/dataset_1/malign/1008.jpg,malign,dataset_1,,
data/raw/dataset_1/malign/1009.jpg,malign,dataset_1,,
data/raw/dataset_1/malign/101.jpg,malign,dataset_1,,
data/raw/dataset_1/malign/1010.jpg,malign,dataset_1,,
data/raw/dataset_1/malign/1011.jpg,malign,dataset_1,,
data/raw/dataset_1/malign/1012.jpg,malign,dataset_1,,
data/raw/dataset_1/malign/1013.jpg,malign,dataset_1,,
data/raw/dataset_1/malign/1014.jpg,malign,dataset_1,,
data/raw/dataset_1/malign/1015.jpg,malign,dataset_1,,
data/raw/dataset_1/malign/1016.jpg,malign,dataset_1,,
data/raw/dataset_1/malign/1017.jpg,malign,dataset_1,,
data/raw/dataset_1/malign/1018.jpg,malign,dataset_1,,
data/raw/dataset_1/malign/1019.jpg,malign,dataset_1,,
data/raw/dataset_1/malign/102.jpg,malign,dataset_1,,
data/raw/dataset_1/malign/1020.jpg,malign,dataset_1,,
data/raw/dataset_1/malign/1021.jpg,malign,dataset_1,,
data/raw/dataset_1/malign/1022.jpg,malign,dataset_1,,
data/raw/dataset_1/malign/1023.jpg,malign,dataset_1,,
data/raw/dataset_1/malign/1024.jpg,malign,dataset_1,,
data/raw/dataset_1/malign/1025.jpg,malign,dataset_1,,
data/raw/dataset_1/malign/1026.jpg,malign,dataset_1,,
data/raw/dataset_1/malign/1027.jpg,malign,dataset_1,,
data/raw/dataset_1/malign/1028.jpg,malign,dataset_1,,
data/raw/dataset_1/malign/1029.jpg,malign,dataset_1,,
data/raw/dataset_1/malign/103.jpg,malign,dataset_1,,
data/raw/dataset_1/malign/1030.jpg,malign,dataset_1,,
data/raw/dataset_1/malign/1031.jpg,malign,dataset_1,,
data/raw/dataset_1/malign/1032.jpg,malign,dataset_1,,
data/raw/dataset_1/malign/1033.jpg,malign,dataset_1,,
data/raw/dataset_1/malign/1034.jpg,malign,dataset_1,,
data/raw/dataset_1/malign/1035.jpg,malign,dataset_1,,
data/raw/dataset_1/malign/1036.jpg,malign,dataset_1,,
data/raw/dataset_1/malign/1037.jpg,malign,dataset_1,,
data/raw/dataset_1/malign/1038.jpg,malign,dataset_1,,
data/raw/dataset_1/malign/1039.jpg,malign,dataset_1,,
data/raw/dataset_1/malign/104.jpg,malign,dataset_1,,
data/raw/dataset_1/malign/1040.jpg,malign,dataset_1,,
data/raw/dataset_1/malign/1041.jpg,malign,dataset_1,,
data/raw/dataset_1/malign/1042.jpg,malign,dataset_1,,
data/raw/dataset_1/malign/1043.jpg,malign,dataset_1,,
data/raw/dataset_1/malign/1044.jpg,malign,dataset_1,,
data/raw/dataset_1/malign/1045.jpg,malign,dataset_1,,
data/raw/dataset_1/malign/1046.jpg,malign,dataset_1,,
data/raw/dataset_1/malign/1047.jpg,malign,dataset_1,,
data/raw/dataset_1/malign/1048.jpg,malign,dataset_1,,
data/raw/dataset_1/malign/1049.jpg,malign,dataset_1,,
data/raw/dataset_1/malign/105.jpg,malign,dataset_1,,
data/raw/dataset_1/malign/1050.jpg,malign,dataset_1,,
data/raw/dataset_1/malign/1051.jpg,malign,dataset_1,,
data/raw/dataset_1/malign/1052.jpg,malign,dataset_1,,
data/raw/dataset_1/malign/1053.jpg,malign,dataset_1,,
data/raw/dataset_1/malign/1054.jpg,malign,dataset_1,,
data/raw/dataset_1/malign/1055.jpg,malign,dataset_1,,
data/raw/dataset_1/malign/1056.jpg,malign,dataset_1,,
data/raw/dataset_1/malign/1057.jpg,malign,dataset_1,,
data/raw/dataset_1/malign/106.jpg,malign,dataset_1,,
data/raw/dataset_1/malign/107.jpg,malign,dataset_1,,
data/raw/dataset_1/malign/108.jpg,malign,dataset_1,,
data/raw/dataset_1/malign/109.jpg,malign,dataset_1,,
data/raw/dataset_1/malign/11.jpg,malign,dataset_1,,
data/raw/dataset_1/malign/110.jpg,malign,dataset_1,,
data/raw/dataset_1/malign/1101.jpg,malign,dataset_1,,
data/raw/dataset_1/malign/1102.jpg,malign,dataset_1,,
data/raw/dataset_1/malign/1103.jpg,malign,dataset_1,,
data/raw/dataset_1/malign/1104.jpg,malign,dataset_1,,
data/raw/dataset_1/malign/1105.jpg,malign,dataset_1,,
data/raw/dataset_1/malign/1106.jpg,malign,dataset_1,,
data/raw/dataset_1/malign/1107.jpg,malign,dataset_1,,
data/raw/dataset_1/malign/1108.jpg,malign,dataset_1,,
data/raw/dataset_1/malign/1109.jpg,malign,dataset_1,,
data/raw/dataset_1/malign/111.jpg,malign,dataset_1,,
data/raw/dataset_1/malign/1110.jpg,malign,dataset_1,,
data/raw/dataset_1/malign/1111.jpg,malign,dataset_1,,
data/raw/dataset_1/malign/1112.jpg,malign,dataset_1,,
data/raw/dataset_1/malign/1113.jpg,malign,dataset_1,,
data/raw/dataset_1/malign/1114.jpg,malign,dataset_1,,
data/raw/dataset_1/malign/1115.jpg,malign,dataset_1,,
data/raw/dataset_1/malign/1116.jpg,malign,dataset_1,,
data/raw/dataset_1/malign/1117.jpg,malign,dataset_1,,
data/raw/dataset_1/malign/1118.jpg,malign,dataset_1,,
data/raw/dataset_1/malign/1119.jpg,malign,dataset_1,,
data/raw/dataset_1/malign/112.jpg,malign,dataset_1,,
data/raw/dataset_1/malign/1120.jpg,malign,dataset_1,,
data/raw/dataset_1/malign/1121.jpg,malign,dataset_1,,
data/raw/dataset_1/malign/1122.jpg,malign,dataset_1,,
data/raw/dataset_1/malign/1123.jpg,malign,dataset_1,,
data/raw/dataset_1/malign/1124.jpg,malign,dataset_1,,
data/raw/dataset_1/malign/1125.jpg,malign,dataset_1,,
data/raw/dataset_1/malign/1126.jpg,malign,dataset_1,,
data/raw/dataset_1/malign/1127.jpg,malign,dataset_1,,
data/raw/dataset_1/malign/1128.jpg,malign,dataset_1,,
data/raw/dataset_1/malign/1129.jpg,malign,dataset_1,,
data/raw/dataset_1/malign/113.jpg,malign,dataset_1,,
data/raw/dataset_1/malign/1130.jpg,malign,dataset_1,,
data/raw/dataset_1/malign/1131.jpg,malign,dataset_1,,
data/raw/dataset_1/malign/1132.jpg,malign,dataset_1,,
data/raw/dataset_1/malign/1133.jpg,malign,dataset_1,,
data/raw/dataset_1/malign/1134.jpg,malign,dataset_1,,
data/raw/dataset_1/malign/1135.jpg,malign,dataset_1,,
data/raw/dataset_1/malign/1136.jpg,malign,dataset_1,,
data/raw/dataset_1/malign/1137.jpg,malign,dataset_1,,
data/raw/dataset_1/malign/1138.jpg,malign,dataset_1,,
data/raw/dataset_1/malign/1139.jpg,malign,dataset_1,,
data/raw/dataset_1/malign/114.jpg,malign,dataset_1,,
data/raw/dataset_1/malign/1140.jpg,malign,dataset_1,,
data/raw/dataset_1/malign/1141.jpg,malign,dataset_1,,
data/raw/dataset_1/malign/1142.jpg,malign,dataset_1,,
data/raw/dataset_1/malign/1143.jpg,malign,dataset_1,,
data/raw/dataset_1/malign/1144.jpg,malign,dataset_1,,
data/raw/dataset_1/malign/1145.jpg,malign,dataset_1,,
data/raw/dataset_1/malign/1146.jpg,malign,dataset_1,,
data/raw/dataset_1/malign/1147.jpg,malign,dataset_1,,
data/raw/dataset_1/malign/1148.jpg,malign,dataset_1,,
data/raw/dataset_1/malign/1149.jpg,malign,dataset_1,,
data/raw/dataset_1/malign/115.jpg,malign,dataset_1,,
data/raw/dataset_1/malign/1150.jpg,malign,dataset_1,,
data/raw/dataset_1/malign/1151.jpg,malign,dataset_1,,
data/raw/dataset_1/malign/1152.jpg,malign,dataset_1,,
data/raw/dataset_1/malign/1153.jpg,malign,dataset_1,,
data/raw/dataset_1/malign/1154.jpg,malign,dataset_1,,
data/raw/dataset_1/malign/1155.jpg,malign,dataset_1,,
data/raw/dataset_1/malign/1156.jpg,malign,dataset_1,,
data/raw/dataset_1/malign/1157.jpg,malign,dataset_1,,
data/raw/dataset_1/malign/1158.jpg,malign,dataset_1,,
data/raw/dataset_1/malign/1159.jpg,malign,dataset_1,,
data/raw/dataset_1/malign/116.jpg,malign,dataset_1,,
data/raw/dataset_1/malign/1160.jpg,malign,dataset_1,,
data/raw/dataset_1/malign/1161.jpg,malign,dataset_1,,
data/raw/dataset_1/malign/1162.jpg,malign,dataset_1,,
data/raw/dataset_1/malign/1163.jpg,malign,dataset_1,,
data/raw/dataset_1/malign/1164.jpg,malign,dataset_1,,
data/raw/dataset_1/malign/1165.jpg,malign,dataset_1,,
data/raw/dataset_1/malign/1166.jpg,malign,dataset_1,,
data/raw/dataset_1/malign/1167.jpg,malign,dataset_1,,
data/raw/dataset_1/malign/1168.jpg,malign,dataset_1,,
data/raw/dataset_1/malign/1169.jpg,malign,dataset_1,,
data/raw/dataset_1/malign/117.jpg,malign,dataset_1,,
data/raw/dataset_1/malign/1170.jpg,malign,dataset_1,,
data/raw/dataset_1/malign/1171.jpg,malign,dataset_1,,
data/raw/dataset_1/malign/1172.jpg,malign,dataset_1,,
data/raw/dataset_1/malign/1173.jpg,malign,dataset_1,,
data/raw/dataset_1/malign/1174.jpg,malign,dataset_1,,
data/raw/dataset_1/malign/1175.jpg,malign,dataset_1,,
data/raw/dataset_1/malign/1176.jpg,malign,dataset_1,,
data/raw/dataset_1/malign/1177.jpg,malign,dataset_1,,
data/raw/dataset_1/malign/1178.jpg,malign,dataset_1,,
data/raw/dataset_1/malign/1179.jpg,malign,dataset_1,,
data/raw/dataset_1/malign/118.jpg,malign,dataset_1,,
data/raw/dataset_1/malign/1180.jpg,malign,dataset_1,,
data/raw/dataset_1/malign/1181.jpg,malign,dataset_1,,
data/raw/dataset_1/malign/1182.jpg,malign,dataset_1,,
data/raw/dataset_1/malign/1183.jpg,malign,dataset_1,,
data/raw/dataset_1/malign/1184.jpg,malign,dataset_1,,
data/raw/dataset_1/malign/1185.jpg,malign,dataset_1,,
data/raw/dataset_1/malign/1186.jpg,malign,dataset_1,,
data/raw/dataset_1/malign/1187.jpg,malign,dataset_1,,
data/raw/dataset_1/malign/1188.jpg,malign,dataset_1,,
data/raw/dataset_1/malign/1189.jpg,malign,dataset_1,,
data/raw/dataset_1/malign/119.jpg,malign,dataset_1,,
data/raw/dataset_1/malign/1190.jpg,malign,dataset_1,,
data/raw/dataset_1/malign/1191.jpg,malign,dataset_1,,
data/raw/dataset_1/malign/1192.jpg,malign,dataset_1,,
data/raw/dataset_1/malign/1193.jpg,malign,dataset_1,,
data/raw/dataset_1/malign/1194.jpg,malign,dataset_1,,
data/raw/dataset_1/malign/1195.jpg,malign,dataset_1,,
data/raw/dataset_1/malign/1196.jpg,malign,dataset_1,,
data/raw/dataset_1/malign/1197.jpg,malign,dataset_1,,
data/raw/dataset_1/malign/1198.jpg,malign,dataset_1,,
data/raw/dataset_1/malign/1199.jpg,malign,dataset_1,,
data/raw/dataset_1/malign/12.jpg,malign,dataset_1,,
data/raw/dataset_1/malign/120.jpg,malign,dataset_1,,
data/raw/dataset_1/malign/1200.jpg,malign,dataset_1,,
data/raw/dataset_1/malign/1201.jpg,malign,dataset_1,,
data/raw/dataset_1/malign/1202.jpg,malign,dataset_1,,
data/raw/dataset_1/malign/1203.jpg,malign,dataset_1,,
data/raw/dataset_1/malign/1204.jpg,malign,dataset_1,,
data/raw/dataset_1/malign/1205.jpg,malign,dataset_1,,
data/raw/dataset_1/malign/1206.jpg,malign,dataset_1,,
data/raw/dataset_1/malign/1207.jpg,malign,dataset_1,,
data/raw/dataset_1/malign/1208.jpg,malign,dataset_1,,
data/raw/dataset_1/malign/1209.jpg,malign,dataset_1,,
data/raw/dataset_1/malign/121.jpg,malign,dataset_1,,
data/raw/dataset_1/malign/1210.jpg,malign,dataset_1,,
data/raw/dataset_1/malign/1211.jpg,malign,dataset_1,,
data/raw/dataset_1/malign/1212.jpg,malign,dataset_1,,
data/raw/dataset_1/malign/1213.jpg,malign,dataset_1,,
data/raw/dataset_1/malign/1214.jpg,malign,dataset_1,,
data/raw/dataset_1/malign/1215.jpg,malign,dataset_1,,
data/raw/dataset_1/malign/1216.jpg,malign,dataset_1,,
data/raw/dataset_1/malign/1217.jpg,malign,dataset_1,,
data/raw/dataset_1/malign/1218.jpg,malign,dataset_1,,
data/raw/dataset_1/malign/1219.jpg,malign,dataset_1,,
data/raw/dataset_1/malign/122.jpg,malign,dataset_1,,
data/raw/dataset_1/malign/1220.jpg,malign,dataset_1,,
data/raw/dataset_1/malign/1221.jpg,malign,dataset_1,,
data/raw/dataset_1/malign/1222.jpg,malign,dataset_1,,
data/raw/dataset_1/malign/1223.jpg,malign,dataset_1,,
data/raw/dataset_1/malign/1224.jpg,malign,dataset_1,,
data/raw/dataset_1/malign/1225.jpg,malign,dataset_1,,
data/raw/dataset_1/malign/1226.jpg,malign,dataset_1,,
data/raw/dataset_1/malign/1227.jpg,malign,dataset_1,,
data/raw/dataset_1/malign/1228.jpg,malign,dataset_1,,
data/raw/dataset_1/malign/1229.jpg,malign,dataset_1,,
data/raw/dataset_1/malign/123.jpg,malign,dataset_1,,
data/raw/dataset_1/malign/1230.jpg,malign,dataset_1,,
data/raw/dataset_1/malign/1231.jpg,malign,dataset_1,,
data/raw/dataset_1/malign/1232.jpg,malign,dataset_1,,
data/raw/dataset_1/malign/1233.jpg,malign,dataset_1,,
data/raw/dataset_1/malign/1234.jpg,malign,dataset_1,,
data/raw/dataset_1/malign/1235.jpg,malign,dataset_1,,
data/raw/dataset_1/malign/1236.jpg,malign,dataset_1,,
data/raw/dataset_1/malign/1237.jpg,malign,dataset_1,,
data/raw/dataset_1/malign/1238.jpg,malign,dataset_1,,
data/raw/dataset_1/malign/1239.jpg,malign,dataset_1,,
data/raw/dataset_1/malign/124.jpg,malign,dataset_1,,
data/raw/dataset_1/malign/1240.jpg,malign,dataset_1,,
data/raw/dataset_1/malign/1241.jpg,malign,dataset_1,,
data/raw/dataset_1/malign/1242.jpg,malign,dataset_1,,
data/raw/dataset_1/malign/1243.jpg,malign,dataset_1,,
data/raw/dataset_1/malign/1244.jpg,malign,dataset_1,,
data/raw/dataset_1/malign/1245.jpg,malign,dataset_1,,
data/raw/dataset_1/malign/1246.jpg,malign,dataset_1,,
data/raw/dataset_1/malign/1247.jpg,malign,dataset_1,,
data/raw/dataset_1/malign/1248.jpg,malign,dataset_1,,
data/raw/dataset_1/malign/1249.jpg,malign,dataset_1,,
data/raw/dataset_1/malign/125.jpg,malign,dataset_1,,
data/raw/dataset_1/malign/1250.jpg,malign,dataset_1,,
data/raw/dataset_1/malign/1251.jpg,malign,dataset_1,,
data/raw/dataset_1/malign/1252.jpg,malign,dataset_1,,
data/raw/dataset_1/malign/1253.jpg,malign,dataset_1,,
data/raw/dataset_1/malign/1254.jpg,malign,dataset_1,,
data/raw/dataset_1/malign/1255.jpg,malign,dataset_1,,
data/raw/dataset_1/malign/1256.jpg,malign,dataset_1,,
data/raw/dataset_1/malign/1257.jpg,malign,dataset_1,,
data/raw/dataset_1/malign/1258.jpg,malign,dataset_1,,
data/raw/dataset_1/malign/1259.jpg,malign,dataset_1,,
data/raw/dataset_1/malign/126.jpg,malign,dataset_1,,
data/raw/dataset_1/malign/1260.jpg,malign,dataset_1,,
data/raw/dataset_1/malign/1261.jpg,malign,dataset_1,,
data/raw/dataset_1/malign/1262.jpg,malign,dataset_1,,
data/raw/dataset_1/malign/1263.jpg,malign,dataset_1,,
data/raw/dataset_1/malign/1264.jpg,malign,dataset_1,,
data/raw/dataset_1/malign/1265.jpg,malign,dataset_1,,
data/raw/dataset_1/malign/127.jpg,malign,dataset_1,,
data/raw/dataset_1/malign/128.jpg,malign,dataset_1,,
data/raw/dataset_1/malign/129.jpg,malign,dataset_1,,
data/raw/dataset_1/malign/13.jpg,malign,dataset_1,,
data/raw/dataset_1/malign/130.jpg,malign,dataset_1,,
data/raw/dataset_1/malign/1301.jpg,malign,dataset_1,,
data/raw/dataset_1/malign/1302.jpg,malign,dataset_1,,
data/raw/dataset_1/malign/1303.jpg,malign,dataset_1,,
data/raw/dataset_1/malign/1304.jpg,malign,dataset_1,,
data/raw/dataset_1/malign/1305.jpg,malign,dataset_1,,
data/raw/dataset_1/malign/1306.jpg,malign,dataset_1,,
data/raw/dataset_1/malign/1307.jpg,malign,dataset_1,,
data/raw/dataset_1/malign/1308.jpg,malign,dataset_1,,
data/raw/dataset_1/malign/1309.jpg,malign,dataset_1,,
data/raw/dataset_1/malign/131.jpg,malign,dataset_1,,
data/raw/dataset_1/malign/1310.jpg,malign,dataset_1,,
data/raw/dataset_1/malign/1311.jpg,malign,dataset_1,,
data/raw/dataset_1/malign/1312.jpg,malign,dataset_1,,
data/raw/dataset_1/malign/1313.jpg,malign,dataset_1,,
data/raw/dataset_1/malign/1314.jpg,malign,dataset_1,,
data/raw/dataset_1/malign/1315.jpg,malign,dataset_1,,
data/raw/dataset_1/malign/1316.jpg,malign,dataset_1,,
data/raw/dataset_1/malign/1317.jpg,malign,dataset_1,,
data/raw/dataset_1/malign/1318.jpg,malign,dataset_1,,
data/raw/dataset_1/malign/1319.jpg,malign,dataset_1,,
data/raw/dataset_1/malign/132.jpg,malign,dataset_1,,
data/raw/dataset_1/malign/1320.jpg,malign,dataset_1,,
data/raw/dataset_1/malign/1321.jpg,malign,dataset_1,,
data/raw/dataset_1/malign/1322.jpg,malign,dataset_1,,
data/raw/dataset_1/malign/1323.jpg,malign,dataset_1,,
data/raw/dataset_1/malign/1324.jpg,malign,dataset_1,,
data/raw/dataset_1/malign/1325.jpg,malign,dataset_1,,
data/raw/dataset_1/malign/1326.jpg,malign,dataset_1,,
data/raw/dataset_1/malign/1327.jpg,malign,dataset_1,,
data/raw/dataset_1/malign/1328.jpg,malign,dataset_1,,
data/raw/dataset_1/malign/1329.jpg,malign,dataset_1,,
data/raw/dataset_1/malign/133.jpg,malign,dataset_1,,
data/raw/dataset_1/malign/1330.jpg,malign,dataset_1,,
data/raw/dataset_1/malign/1331.jpg,malign,dataset_1,,
data/raw/dataset_1/malign/1332.jpg,malign,dataset_1,,
data/raw/dataset_1/malign/1333.jpg,malign,dataset_1,,
data/raw/dataset_1/malign/1334.jpg,malign,dataset_1,,
data/raw/dataset_1/malign/1335.jpg,malign,dataset_1,,
data/raw/dataset_1/malign/1336.jpg,malign,dataset_1,,
data/raw/dataset_1/malign/1337.jpg,malign,dataset_1,,
data/raw/dataset_1/malign/1338.jpg,malign,dataset_1,,
data/raw/dataset_1/malign/1339.jpg,malign,dataset_1,,
data/raw/dataset_1/malign/134.jpg,malign,dataset_1,,
data/raw/dataset_1/malign/1340.jpg,malign,dataset_1,,
data/raw/dataset_1/malign/1341.jpg,malign,dataset_1,,
data/raw/dataset_1/malign/1342.jpg,malign,dataset_1,,
data/raw/dataset_1/malign/1343.jpg,malign,dataset_1,,
data/raw/dataset_1/malign/1344.jpg,malign,dataset_1,,
data/raw/dataset_1/malign/1345.jpg,malign,dataset_1,,
data/raw/dataset_1/malign/1346.jpg,malign,dataset_1,,
data/raw/dataset_1/malign/1347.jpg,malign,dataset_1,,
data/raw/dataset_1/malign/1348.jpg,malign,dataset_1,,
data/raw/dataset_1/malign/1349.jpg,malign,dataset_1,,
data/raw/dataset_1/malign/135.jpg,malign,dataset_1,,
data/raw/dataset_1/malign/1350.jpg,malign,dataset_1,,
data/raw/dataset_1/malign/1351.jpg,malign,dataset_1,,
data/raw/dataset_1/malign/1352.jpg,malign,dataset_1,,
data/raw/dataset_1/malign/1353.jpg,malign,dataset_1,,
data/raw/dataset_1/malign/1354.jpg,malign,dataset_1,,
data/raw/dataset_1/malign/1355.jpg,malign,dataset_1,,
data/raw/dataset_1/malign/1356.jpg,malign,dataset_1,,
data/raw/dataset_1/malign/1357.jpg,malign,dataset_1,,
data/raw/dataset_1/malign/1358.jpg,malign,dataset_1,,
data/raw/dataset_1/malign/1359.jpg,malign,dataset_1,,
data/raw/dataset_1/malign/136.jpg,malign,dataset_1,,
data/raw/dataset_1/malign/1360.jpg,malign,dataset_1,,
data/raw/dataset_1/malign/1361.jpg,malign,dataset_1,,
data/raw/dataset_1/malign/1362.jpg,malign,dataset_1,,
data/raw/dataset_1/malign/1363.jpg,malign,dataset_1,,
data/raw/dataset_1/malign/1364.jpg,malign,dataset_1,,
data/raw/dataset_1/malign/1365.jpg,malign,dataset_1,,
data/raw/dataset_1/malign/1366.jpg,malign,dataset_1,,
data/raw/dataset_1/malign/1367.jpg,malign,dataset_1,,
data/raw/dataset_1/malign/1368.jpg,malign,dataset_1,,
data/raw/dataset_1/malign/1369.jpg,malign,dataset_1,,
data/raw/dataset_1/malign/137.jpg,malign,dataset_1,,
data/raw/dataset_1/malign/1370.jpg,malign,dataset_1,,
data/raw/dataset_1/malign/1371.jpg,malign,dataset_1,,
data/raw/dataset_1/malign/1372.jpg,malign,dataset_1,,
data/raw/dataset_1/malign/1373.jpg,malign,dataset_1,,
data/raw/dataset_1/malign/1374.jpg,malign,dataset_1,,
data/raw/dataset_1/malign/1375.jpg,malign,dataset_1,,
data/raw/dataset_1/malign/1376.jpg,malign,dataset_1,,
data/raw/dataset_1/malign/1377.jpg,malign,dataset_1,,
data/raw/dataset_1/malign/1378.jpg,malign,dataset_1,,
data/raw/dataset_1/malign/1379.jpg,malign,dataset_1,,
data/raw/dataset_1/malign/138.jpg,malign,dataset_1,,
data/raw/dataset_1/malign/1380.jpg,malign,dataset_1,,
data/raw/dataset_1/malign/1381.jpg,malign,dataset_1,,
data/raw/dataset_1/malign/1382.jpg,malign,dataset_1,,
data/raw/dataset_1/malign/1383.jpg,malign,dataset_1,,
data/raw/dataset_1/malign/1384.jpg,malign,dataset_1,,
data/raw/dataset_1/malign/1385.jpg,malign,dataset_1,,
data/raw/dataset_1/malign/1386.jpg,malign,dataset_1,,
data/raw/dataset_1/malign/1387.jpg,malign,dataset_1,,
data/raw/dataset_1/malign/1388.jpg,malign,dataset_1,,
data/raw/dataset_1/malign/1389.jpg,malign,dataset_1,,
data/raw/dataset_1/malign/139.jpg,malign,dataset_1,,
data/raw/dataset_1/malign/1390.jpg,malign,dataset_1,,
data/raw/dataset_1/malign/1391.jpg,malign,dataset_1,,
data/raw/dataset_1/malign/1392.jpg,malign,dataset_1,,
data/raw/dataset_1/malign/1393.jpg,malign,dataset_1,,
data/raw/dataset_1/malign/1394.jpg,malign,dataset_1,,
data/raw/dataset_1/malign/1395.jpg,malign,dataset_1,,
data/raw/dataset_1/malign/1396.jpg,malign,dataset_1,,
data/raw/dataset_1/malign/1397.jpg,malign,dataset_1,,
data/raw/dataset_1/malign/1398.jpg,malign,dataset_1,,
data/raw/dataset_1/malign/1399.jpg,malign,dataset_1,,
data/raw/dataset_1/malign/14.jpg,malign,dataset_1,,
data/raw/dataset_1/malign/140.jpg,malign,dataset_1,,
data/raw/dataset_1/malign/1400.jpg,malign,dataset_1,,
data/raw/dataset_1/malign/1401.jpg,malign,dataset_1,,
data/raw/dataset_1/malign/1402.jpg,malign,dataset_1,,
data/raw/dataset_1/malign/1403.jpg,malign,dataset_1,,
data/raw/dataset_1/malign/1404.jpg,malign,dataset_1,,
data/raw/dataset_1/malign/1405.jpg,malign,dataset_1,,
data/raw/dataset_1/malign/1406.jpg,malign,dataset_1,,
data/raw/dataset_1/malign/1407.jpg,malign,dataset_1,,
data/raw/dataset_1/malign/1408.jpg,malign,dataset_1,,
data/raw/dataset_1/malign/1409.jpg,malign,dataset_1,,
data/raw/dataset_1/malign/141.jpg,malign,dataset_1,,
data/raw/dataset_1/malign/1410.jpg,malign,dataset_1,,
data/raw/dataset_1/malign/1411.jpg,malign,dataset_1,,
data/raw/dataset_1/malign/1412.jpg,malign,dataset_1,,
data/raw/dataset_1/malign/1413.jpg,malign,dataset_1,,
data/raw/dataset_1/malign/1414.jpg,malign,dataset_1,,
data/raw/dataset_1/malign/1415.jpg,malign,dataset_1,,
data/raw/dataset_1/malign/1416.jpg,malign,dataset_1,,
data/raw/dataset_1/malign/1417.jpg,malign,dataset_1,,
data/raw/dataset_1/malign/1418.jpg,malign,dataset_1,,
data/raw/dataset_1/malign/1419.jpg,malign,dataset_1,,
data/raw/dataset_1/malign/142.jpg,malign,dataset_1,,
data/raw/dataset_1/malign/1420.jpg,malign,dataset_1,,
data/raw/dataset_1/malign/1421.jpg,malign,dataset_1,,
data/raw/dataset_1/malign/1422.jpg,malign,dataset_1,,
data/raw/dataset_1/malign/1423.jpg,malign,dataset_1,,
data/raw/dataset_1/malign/1424.jpg,malign,dataset_1,,
data/raw/dataset_1/malign/1425.jpg,malign,dataset_1,,
data/raw/dataset_1/malign/1426.jpg,malign,dataset_1,,
data/raw/dataset_1/malign/1427.jpg,malign,dataset_1,,
data/raw/dataset_1/malign/1428.jpg,malign,dataset_1,,
data/raw/dataset_1/malign/1429.jpg,malign,dataset_1,,
data/raw/dataset_1/malign/143.jpg,malign,dataset_1,,
data/raw/dataset_1/malign/1430.jpg,malign,dataset_1,,
data/raw/dataset_1/malign/1431.jpg,malign,dataset_1,,
data/raw/dataset_1/malign/1432.jpg,malign,dataset_1,,
data/raw/dataset_1/malign/1433.jpg,malign,dataset_1,,
data/raw/dataset_1/malign/1434.jpg,malign,dataset_1,,
data/raw/dataset_1/malign/1435.jpg,malign,dataset_1,,
data/raw/dataset_1/malign/1436.jpg,malign,dataset_1,,
data/raw/dataset_1/malign/1437.jpg,malign,dataset_1,,
data/raw/dataset_1/malign/1438.jpg,malign,dataset_1,,
data/raw/dataset_1/malign/1439.jpg,malign,dataset_1,,
data/raw/dataset_1/malign/144.jpg,malign,dataset_1,,
data/raw/dataset_1/malign/1440.jpg,malign,dataset_1,,
data/raw/dataset_1/malign/1441.jpg,malign,dataset_1,,
data/raw/dataset_1/malign/1442.jpg,malign,dataset_1,,
data/raw/dataset_1/malign/1443.jpg,malign,dataset_1,,
data/raw/dataset_1/malign/1444.jpg,malign,dataset_1,,
data/raw/dataset_1/malign/1445.jpg,malign,dataset_1,,
data/raw/dataset_1/malign/1446.jpg,malign,dataset_1,,
data/raw/dataset_1/malign/1447.jpg,malign,dataset_1,,
data/raw/dataset_1/malign/1448.jpg,malign,dataset_1,,
data/raw/dataset_1/malign/1449.jpg,malign,dataset_1,,
data/raw/dataset_1/malign/145.jpg,malign,dataset_1,,
data/raw/dataset_1/malign/1450.jpg,malign,dataset_1,,
data/raw/dataset_1/malign/1451.jpg,malign,dataset_1,,
data/raw/dataset_1/malign/1452.jpg,malign,dataset_1,,
data/raw/dataset_1/malign/1453.jpg,malign,dataset_1,,
data/raw/dataset_1/malign/1454.jpg,malign,dataset_1,,
data/raw/dataset_1/malign/1455.jpg,malign,dataset_1,,
data/raw/dataset_1/malign/1456.jpg,malign,dataset_1,,
data/raw/dataset_1/malign/1457.jpg,malign,dataset_1,,
data/raw/dataset_1/malign/1458.jpg,malign,dataset_1,,
data/raw/dataset_1/malign/1459.jpg,malign,dataset_1,,
data/raw/dataset_1/malign/146.jpg,malign,dataset_1,,
data/raw/dataset_1/malign/1460.jpg,malign,dataset_1,,
data/raw/dataset_1/malign/1461.jpg,malign,dataset_1,,
data/raw/dataset_1/malign/1462.jpg,malign,dataset_1,,
data/raw/dataset_1/malign/1463.jpg,malign,dataset_1,,
data/raw/dataset_1/malign/1464.jpg,malign,dataset_1,,
data/raw/dataset_1/malign/1465.jpg,malign,dataset_1,,
data/raw/dataset_1/malign/147.jpg,malign,dataset_1,,
data/raw/dataset_1/malign/148.jpg,malign,dataset_1,,
data/raw/dataset_1/malign/149.jpg,malign,dataset_1,,
data/raw/dataset_1/malign/15.jpg,malign,dataset_1,,
data/raw/dataset_1/malign/150.jpg,malign,dataset_1,,
data/raw/dataset_1/malign/151.jpg,malign,dataset_1,,
data/raw/dataset_1/malign/152.jpg,malign,dataset_1,,
data/raw/dataset_1/malign/153.jpg,malign,dataset_1,,
data/raw/dataset_1/malign/154.jpg,malign,dataset_1,,
data/raw/dataset_1/malign/155.jpg,malign,dataset_1,,
data/raw/dataset_1/malign/156.jpg,malign,dataset_1,,
data/raw/dataset_1/malign/157.jpg,malign,dataset_1,,
data/raw/dataset_1/malign/16.jpg,malign,dataset_1,,
data/raw/dataset_1/malign/17.jpg,malign,dataset_1,,
data/raw/dataset_1/malign/18.jpg,malign,dataset_1,,
data/raw/dataset_1/malign/19.jpg,malign,dataset_1,,
data/raw/dataset_1/malign/2.jpg,malign,dataset_1,,
data/raw/dataset_1/malign/20.jpg,malign,dataset_1,,
data/raw/dataset_1/malign/201.jpg,malign,dataset_1,,
data/raw/dataset_1/malign/202.jpg,malign,dataset_1,,
data/raw/dataset_1/malign/203.jpg,malign,dataset_1,,
data/raw/dataset_1/malign/204.jpg,malign,dataset_1,,
data/raw/dataset_1/malign/205.jpg,malign,dataset_1,,
data/raw/dataset_1/malign/206.jpg,malign,dataset_1,,
data/raw/dataset_1/malign/207.jpg,malign,dataset_1,,
data/raw/dataset_1/malign/208.jpg,malign,dataset_1,,
data/raw/dataset_1/malign/209.jpg,malign,dataset_1,,
data/raw/dataset_1/malign/21.jpg,malign,dataset_1,,
data/raw/dataset_1/malign/210.jpg,malign,dataset_1,,
data/raw/dataset_1/malign/211.jpg,malign,dataset_1,,
data/raw/dataset_1/malign/212.jpg,malign,dataset_1,,
data/raw/dataset_1/malign/213.jpg,malign,dataset_1,,
data/raw/dataset_1/malign/214.jpg,malign,dataset_1,,
data/raw/dataset_1/malign/215.jpg,malign,dataset_1,,
data/raw/dataset_1/malign/216.jpg,malign,dataset_1,,
data/raw/dataset_1/malign/217.jpg,malign,dataset_1,,
data/raw/dataset_1/malign/218.jpg,malign,dataset_1,,
data/raw/dataset_1/malign/219.jpg,malign,dataset_1,,
data/raw/dataset_1/malign/22.jpg,malign,dataset_1,,
data/raw/dataset_1/malign/220.jpg,malign,dataset_1,,
data/raw/dataset_1/malign/221.jpg,malign,dataset_1,,
data/raw/dataset_1/malign/222.jpg,malign,dataset_1,,
data/raw/dataset_1/malign/223.jpg,malign,dataset_1,,
data/raw/dataset_1/malign/224.jpg,malign,dataset_1,,
data/raw/dataset_1/malign/225.jpg,malign,dataset_1,,
data/raw/dataset_1/malign/226.jpg,malign,dataset_1,,
data/raw/dataset_1/malign/227.jpg,malign,dataset_1,,
data/raw/dataset_1/malign/228.jpg,malign,dataset_1,,
data/raw/dataset_1/malign/229.jpg,malign,dataset_1,,
data/raw/dataset_1/malign/23.jpg,malign,dataset_1,,
data/raw/dataset_1/malign/230.jpg,malign,dataset_1,,
data/raw/dataset_1/malign/231.jpg,malign,dataset_1,,
data/raw/dataset_1/malign/232.jpg,malign,dataset_1,,
data/raw/dataset_1/malign/233.jpg,malign,dataset_1,,
data/raw/dataset_1/malign/234.jpg,malign,dataset_1,,
data/raw/dataset_1/malign/235.jpg,malign,dataset_1,,
data/raw/dataset_1/malign/236.jpg,malign,dataset_1,,
data/raw/dataset_1/malign/237.jpg,malign,dataset_1,,
data/raw/dataset_1/malign/238.jpg,malign,dataset_1,,
data/raw/dataset_1/malign/239.jpg,malign,dataset_1,,
data/raw/dataset_1/malign/24.jpg,malign,dataset_1,,
data/raw/dataset_1/malign/240.jpg,malign,dataset_1,,
data/raw/dataset_1/malign/241.jpg,malign,dataset_1,,
data/raw/dataset_1/malign/242.jpg,malign,dataset_1,,
data/raw/dataset_1/malign/243.jpg,malign,dataset_1,,
data/raw/dataset_1/malign/244.jpg,malign,dataset_1,,
data/raw/dataset_1/malign/245.jpg,malign,dataset_1,,
data/raw/dataset_1/malign/246.jpg,malign,dataset_1,,
data/raw/dataset_1/malign/247.jpg,malign,dataset_1,,
data/raw/dataset_1/malign/248.jpg,malign,dataset_1,,
data/raw/dataset_1/malign/249.jpg,malign,dataset_1,,
data/raw/dataset_1/malign/25.jpg,malign,dataset_1,,
data/raw/dataset_1/malign/250.jpg,malign,dataset_1,,
data/raw/dataset_1/malign/251.jpg,malign,dataset_1,,
data/raw/dataset_1/malign/252.jpg,malign,dataset_1,,
data/raw/dataset_1/malign/253.jpg,malign,dataset_1,,
data/raw/dataset_1/malign/254.jpg,malign,dataset_1,,
data/raw/dataset_1/malign/255.jpg,malign,dataset_1,,
data/raw/dataset_1/malign/256.jpg,malign,dataset_1,,
data/raw/dataset_1/malign/257.jpg,malign,dataset_1,,
data/raw/dataset_1/malign/258.jpg,malign,dataset_1,,
data/raw/dataset_1/malign/259.jpg,malign,dataset_1,,
data/raw/dataset_1/malign/26.jpg,malign,dataset_1,,
data/raw/dataset_1/malign/260.jpg,malign,dataset_1,,
data/raw/dataset_1/malign/261.jpg,malign,dataset_1,,
data/raw/dataset_1/malign/262.jpg,malign,dataset_1,,
data/raw/dataset_1/malign/263.jpg,malign,dataset_1,,
data/raw/dataset_1/malign/264.jpg,malign,dataset_1,,
data/raw/dataset_1/malign/265.jpg,malign,dataset_1,,
data/raw/dataset_1/malign/266.jpg,malign,dataset_1,,
data/raw/dataset_1/malign/267.jpg,malign,dataset_1,,
data/raw/dataset_1/malign/268.jpg,malign,dataset_1,,
data/raw/dataset_1/malign/269.jpg,malign,dataset_1,,
data/raw/dataset_1/malign/27.jpg,malign,dataset_1,,
data/raw/dataset_1/malign/270.jpg,malign,dataset_1,,
data/raw/dataset_1/malign/271.jpg,malign,dataset_1,,
data/raw/dataset_1/malign/272.jpg,malign,dataset_1,,
data/raw/dataset_1/malign/273.jpg,malign,dataset_1,,
data/raw/dataset_1/malign/274.jpg,malign,dataset_1,,
data/raw/dataset_1/malign/275.jpg,malign,dataset_1,,
data/raw/dataset_1/malign/276.jpg,malign,dataset_1,,
data/raw/dataset_1/malign/277.jpg,malign,dataset_1,,
data/raw/dataset_1/malign/278.jpg,malign,dataset_1,,
data/raw/dataset_1/malign/279.jpg,malign,dataset_1,,
data/raw/dataset_1/malign/28.jpg,malign,dataset_1,,
data/raw/dataset_1/malign/280.jpg,malign,dataset_1,,
data/raw/dataset_1/malign/281.jpg,malign,dataset_1,,
data/raw/dataset_1/malign/282.jpg,malign,dataset_1,,
data/raw/dataset_1/malign/283.jpg,malign,dataset_1,,
data/raw/dataset_1/malign/284.jpg,malign,dataset_1,,
data/raw/dataset_1/malign/285.jpg,malign,dataset_1,,
data/raw/dataset_1/malign/286.jpg,malign,dataset_1,,
data/raw/dataset_1/malign/287.jpg,malign,dataset_1,,
data/raw/dataset_1/malign/288.jpg,malign,dataset_1,,
data/raw/dataset_1/malign/289.jpg,malign,dataset_1,,
data/raw/dataset_1/malign/29.jpg,malign,dataset_1,,
data/raw/dataset_1/malign/290.jpg,malign,dataset_1,,
data/raw/dataset_1/malign/291.jpg,malign,dataset_1,,
data/raw/dataset_1/malign/292.jpg,malign,dataset_1,,
data/raw/dataset_1/malign/293.jpg,malign,dataset_1,,
data/raw/dataset_1/malign/294.jpg,malign,dataset_1,,
data/raw/dataset_1/malign/295.jpg,malign,dataset_1,,
data/raw/dataset_1/malign/296.jpg,malign,dataset_1,,
data/raw/dataset_1/malign/297.jpg,malign,dataset_1,,
data/raw/dataset_1/malign/298.jpg,malign,dataset_1,,
data/raw/dataset_1/malign/299.jpg,malign,dataset_1,,
data/raw/dataset_1/malign/3.jpg,malign,dataset_1,,
data/raw/dataset_1/malign/30.jpg,malign,dataset_1,,
data/raw/dataset_1/malign/300.jpg,malign,dataset_1,,
data/raw/dataset_1/malign/301.jpg,malign,dataset_1,,
data/raw/dataset_1/malign/302.jpg,malign,dataset_1,,
data/raw/dataset_1/malign/303.jpg,malign,dataset_1,,
data/raw/dataset_1/malign/304.jpg,malign,dataset_1,,
data/raw/dataset_1/malign/305.jpg,malign,dataset_1,,
data/raw/dataset_1/malign/306.jpg,malign,dataset_1,,
data/raw/dataset_1/malign/307.jpg,malign,dataset_1,,
data/raw/dataset_1/malign/308.jpg,malign,dataset_1,,
data/raw/dataset_1/malign/309.jpg,malign,dataset_1,,
data/raw/dataset_1/malign/31.jpg,malign,dataset_1,,
data/raw/dataset_1/malign/310.jpg,malign,dataset_1,,
data/raw/dataset_1/malign/311.jpg,malign,dataset_1,,
data/raw/dataset_1/malign/312.jpg,malign,dataset_1,,
data/raw/dataset_1/malign/313.jpg,malign,dataset_1,,
data/raw/dataset_1/malign/314.jpg,malign,dataset_1,,
data/raw/dataset_1/malign/315.jpg,malign,dataset_1,,
data/raw/dataset_1/malign/316.jpg,malign,dataset_1,,
data/raw/dataset_1/malign/317.jpg,malign,dataset_1,,
data/raw/dataset_1/malign/318.jpg,malign,dataset_1,,
data/raw/dataset_1/malign/319.jpg,malign,dataset_1,,
data/raw/dataset_1/malign/32.jpg,malign,dataset_1,,
data/raw/dataset_1/malign/320.jpg,malign,dataset_1,,
data/raw/dataset_1/malign/321.jpg,malign,dataset_1,,
data/raw/dataset_1/malign/322.jpg,malign,dataset_1,,
data/raw/dataset_1/malign/323.jpg,malign,dataset_1,,
data/raw/dataset_1/malign/324.jpg,malign,dataset_1,,
data/raw/dataset_1/malign/325.jpg,malign,dataset_1,,
data/raw/dataset_1/malign/326.jpg,malign,dataset_1,,
data/raw/dataset_1/malign/327.jpg,malign,dataset_1,,
data/raw/dataset_1/malign/328.jpg,malign,dataset_1,,
data/raw/dataset_1/malign/329.jpg,malign,dataset_1,,
data/raw/dataset_1/malign/33.jpg,malign,dataset_1,,
data/raw/dataset_1/malign/330.jpg,malign,dataset_1,,
data/raw/dataset_1/malign/331.jpg,malign,dataset_1,,
data/raw/dataset_1/malign/332.jpg,malign,dataset_1,,
data/raw/dataset_1/malign/333.jpg,malign,dataset_1,,
data/raw/dataset_1/malign/334.jpg,malign,dataset_1,,
data/raw/dataset_1/malign/335.jpg,malign,dataset_1,,
data/raw/dataset_1/malign/336.jpg,malign,dataset_1,,
data/raw/dataset_1/malign/337.jpg,malign,dataset_1,,
data/raw/dataset_1/malign/338.jpg,malign,dataset_1,,
data/raw/dataset_1/malign/339.jpg,malign,dataset_1,,
data/raw/dataset_1/malign/34.jpg,malign,dataset_1,,
data/raw/dataset_1/malign/340.jpg,malign,dataset_1,,
data/raw/dataset_1/malign/341.jpg,malign,dataset_1,,
data/raw/dataset_1/malign/342.jpg,malign,dataset_1,,
data/raw/dataset_1/malign/343.jpg,malign,dataset_1,,
data/raw/dataset_1/malign/344.jpg,malign,dataset_1,,
data/raw/dataset_1/malign/345.jpg,malign,dataset_1,,
data/raw/dataset_1/malign/346.jpg,malign,dataset_1,,
data/raw/dataset_1/malign/347.jpg,malign,dataset_1,,
data/raw/dataset_1/malign/348.jpg,malign,dataset_1,,
data/raw/dataset_1/malign/349.jpg,malign,dataset_1,,
data/raw/dataset_1/malign/35.jpg,malign,dataset_1,,
data/raw/dataset_1/malign/350.jpg,malign,dataset_1,,
data/raw/dataset_1/malign/351.jpg,malign,dataset_1,,
data/raw/dataset_1/malign/352.jpg,malign,dataset_1,,
data/raw/dataset_1/malign/353.jpg,malign,dataset_1,,
data/raw/dataset_1/malign/354.jpg,malign,dataset_1,,
data/raw/dataset_1/malign/355.jpg,malign,dataset_1,,
data/raw/dataset_1/malign/356.jpg,malign,dataset_1,,
data/raw/dataset_1/malign/357.jpg,malign,dataset_1,,
data/raw/dataset_1/malign/36.jpg,malign,dataset_1,,
data/raw/dataset_1/malign/37.jpg,malign,dataset_1,,
data/raw/dataset_1/malign/38.jpg,malign,dataset_1,,
data/raw/dataset_1/malign/39.jpg,malign,dataset_1,,
data/raw/dataset_1/malign/4.jpg,malign,dataset_1,,
data/raw/dataset_1/malign/40.jpg,malign,dataset_1,,
data/raw/dataset_1/malign/401.jpg,malign,dataset_1,,
data/raw/dataset_1/malign/402.jpg,malign,dataset_1,,
data/raw/dataset_1/malign/403.jpg,malign,dataset_1,,
data/raw/dataset_1/malign/404.jpg,malign,dataset_1,,
data/raw/dataset_1/malign/405.jpg,malign,dataset_1,,
data/raw/dataset_1/malign/406.jpg,malign,dataset_1,,
data/raw/dataset_1/malign/407.jpg,malign,dataset_1,,
data/raw/dataset_1/malign/408.jpg,malign,dataset_1,,
data/raw/dataset_1/malign/409.jpg,malign,dataset_1,,
data/raw/dataset_1/malign/41.jpg,malign,dataset_1,,
data/raw/dataset_1/malign/410.jpg,malign,dataset_1,,
data/raw/dataset_1/malign/411.jpg,malign,dataset_1,,
data/raw/dataset_1/malign/412.jpg,malign,dataset_1,,
data/raw/dataset_1/malign/413.jpg,malign,dataset_1,,
data/raw/dataset_1/malign/414.jpg,malign,dataset_1,,
data/raw/dataset_1/malign/415.jpg,malign,dataset_1,,
data/raw/dataset_1/malign/416.jpg,malign,dataset_1,,
data/raw/dataset_1/malign/417.jpg,malign,dataset_1,,
data/raw/dataset_1/malign/418.jpg,malign,dataset_1,,
data/raw/dataset_1/malign/419.jpg,malign,dataset_1,,
data/raw/dataset_1/malign/42.jpg,malign,dataset_1,,
data/raw/dataset_1/malign/420.jpg,malign,dataset_1,,
data/raw/dataset_1/malign/421.jpg,malign,dataset_1,,
data/raw/dataset_1/malign/422.jpg,malign,dataset_1,,
data/raw/dataset_1/malign/423.jpg,malign,dataset_1,,
data/raw/dataset_1/malign/424.jpg,malign,dataset_1,,
data/raw/dataset_1/malign/425.jpg,malign,dataset_1,,
data/raw/dataset_1/malign/426.jpg,malign,dataset_1,,
data/raw/dataset_1/malign/427.jpg,malign,dataset_1,,
data/raw/dataset_1/malign/428.jpg,malign,dataset_1,,
data/raw/dataset_1/malign/429.jpg,malign,dataset_1,,
data/raw/dataset_1/malign/43.jpg,malign,dataset_1,,
data/raw/dataset_1/malign/430.jpg,malign,dataset_1,,
data/raw/dataset_1/malign/431.jpg,malign,dataset_1,,
data/raw/dataset_1/malign/432.jpg,malign,dataset_1,,
data/raw/dataset_1/malign/433.jpg,malign,dataset_1,,
data/raw/dataset_1/malign/434.jpg,malign,dataset_1,,
data/raw/dataset_1/malign/435.jpg,malign,dataset_1,,
data/raw/dataset_1/malign/436.jpg,malign,dataset_1,,
data/raw/dataset_1/malign/437.jpg,malign,dataset_1,,
data/raw/dataset_1/malign/438.jpg,malign,dataset_1,,
data/raw/dataset_1/malign/439.jpg,malign,dataset_1,,
data/raw/dataset_1/malign/44.jpg,malign,dataset_1,,
data/raw/dataset_1/malign/440.jpg,malign,dataset_1,,
data/raw/dataset_1/malign/441.jpg,malign,dataset_1,,
data/raw/dataset_1/malign/442.jpg,malign,dataset_1,,
data/raw/dataset_1/malign/443.jpg,malign,dataset_1,,
data/raw/dataset_1/malign/444.jpg,malign,dataset_1,,
data/raw/dataset_1/malign/445.jpg,malign,dataset_1,,
data/raw/dataset_1/malign/446.jpg,malign,dataset_1,,
data/raw/dataset_1/malign/447.jpg,malign,dataset_1,,
data/raw/dataset_1/malign/448.jpg,malign,dataset_1,,
data/raw/dataset_1/malign/449.jpg,malign,dataset_1,,
data/raw/dataset_1/malign/45.jpg,malign,dataset_1,,
data/raw/dataset_1/malign/450.jpg,malign,dataset_1,,
data/raw/dataset_1/malign/451.jpg,malign,dataset_1,,
data/raw/dataset_1/malign/452.jpg,malign,dataset_1,,
data/raw/dataset_1/malign/453.jpg,malign,dataset_1,,
data/raw/dataset_1/malign/454.jpg,malign,dataset_1,,
data/raw/dataset_1/malign/455.jpg,malign,dataset_1,,
data/raw/dataset_1/malign/456.jpg,malign,dataset_1,,
data/raw/dataset_1/malign/457.jpg,malign,dataset_1,,
data/raw/dataset_1/malign/458.jpg,malign,dataset_1,,
data/raw/dataset_1/malign/459.jpg,malign,dataset_1,,
data/raw/dataset_1/malign/46.jpg,malign,dataset_1,,
data/raw/dataset_1/malign/460.jpg,malign,dataset_1,,
data/raw/dataset_1/malign/461.jpg,malign,dataset_1,,
data/raw/dataset_1/malign/462.jpg,malign,dataset_1,,
data/raw/dataset_1/malign/463.jpg,malign,dataset_1,,
data/raw/dataset_1/malign/464.jpg,malign,dataset_1,,
data/raw/dataset_1/malign/465.jpg,malign,dataset_1,,
data/raw/dataset_1/malign/466.jpg,malign,dataset_1,,
data/raw/dataset_1/malign/467.jpg,malign,dataset_1,,
data/raw/dataset_1/malign/468.jpg,malign,dataset_1,,
data/raw/dataset_1/malign/469.jpg,malign,dataset_1,,
data/raw/dataset_1/malign/47.jpg,malign,dataset_1,,
data/raw/dataset_1/malign/470.jpg,malign,dataset_1,,
data/raw/dataset_1/malign/471.jpg,malign,dataset_1,,
data/raw/dataset_1/malign/472.jpg,malign,dataset_1,,
data/raw/dataset_1/malign/473.jpg,malign,dataset_1,,
data/raw/dataset_1/malign/474.jpg,malign,dataset_1,,
data/raw/dataset_1/malign/475.jpg,malign,dataset_1,,
data/raw/dataset_1/malign/476.jpg,malign,dataset_1,,
data/raw/dataset_1/malign/477.jpg,malign,dataset_1,,
data/raw/dataset_1/malign/478.jpg,malign,dataset_1,,
data/raw/dataset_1/malign/479.jpg,malign,dataset_1,,
data/raw/dataset_1/malign/48.jpg,malign,dataset_1,,
data/raw/dataset_1/malign/480.jpg,malign,dataset_1,,
data/raw/dataset_1/malign/481.jpg,malign,dataset_1,,
data/raw/dataset_1/malign/482.jpg,malign,dataset_1,,
data/raw/dataset_1/malign/483.jpg,malign,dataset_1,,
data/raw/dataset_1/malign/484.jpg,malign,dataset_1,,
data/raw/dataset_1/malign/485.jpg,malign,dataset_1,,
data/raw/dataset_1/malign/486.jpg,malign,dataset_1,,
data/raw/dataset_1/malign/487.jpg,malign,dataset_1,,
data/raw/dataset_1/malign/488.jpg,malign,dataset_1,,
data/raw/dataset_1/malign/489.jpg,malign,dataset_1,,
data/raw/dataset_1/malign/49.jpg,malign,dataset_1,,
data/raw/dataset_1/malign/490.jpg,malign,dataset_1,,
data/raw/dataset_1/malign/491.jpg,malign,dataset_1,,
data/raw/dataset_1/malign/492.jpg,malign,dataset_1,,
data/raw/dataset_1/malign/493.jpg,malign,dataset_1,,
data/raw/dataset_1/malign/494.jpg,malign,dataset_1,,
data/raw/dataset_1/malign/495.jpg,malign,dataset_1,,
data/raw/dataset_1/malign/496.jpg,malign,dataset_1,,
data/raw/dataset_1/malign/497.jpg,malign,dataset_1,,
data/raw/dataset_1/malign/498.jpg,malign,dataset_1,,
data/raw/dataset_1/malign/499.jpg,malign,dataset_1,,
data/raw/dataset_1/malign/5.jpg,malign,dataset_1,,
data/raw/dataset_1/malign/50.jpg,malign,dataset_1,,
data/raw/dataset_1/malign/500.jpg,malign,dataset_1,,
data/raw/dataset_1/malign/501.jpg,malign,dataset_1,,
data/raw/dataset_1/malign/502.jpg,malign,dataset_1,,
data/raw/dataset_1/malign/503.jpg,malign,dataset_1,,
data/raw/dataset_1/malign/504.jpg,malign,dataset_1,,
data/raw/dataset_1/malign/505.jpg,malign,dataset_1,,
data/raw/dataset_1/malign/506.jpg,malign,dataset_1,,
data/raw/dataset_1/malign/507.jpg,malign,dataset_1,,
data/raw/dataset_1/malign/508.jpg,malign,dataset_1,,
data/raw/dataset_1/malign/509.jpg,malign,dataset_1,,
data/raw/dataset_1/malign/51.jpg,malign,dataset_1,,
data/raw/dataset_1/malign/510.jpg,malign,dataset_1,,
data/raw/dataset_1/malign/511.jpg,malign,dataset_1,,
data/raw/dataset_1/malign/512.jpg,malign,dataset_1,,
data/raw/dataset_1/malign/513.jpg,malign,dataset_1,,
data/raw/dataset_1/malign/514.jpg,malign,dataset_1,,
data/raw/dataset_1/malign/515.jpg,malign,dataset_1,,
data/raw/dataset_1/malign/516.jpg,malign,dataset_1,,
data/raw/dataset_1/malign/517.jpg,malign,dataset_1,,
data/raw/dataset_1/malign/518.jpg,malign,dataset_1,,
data/raw/dataset_1/malign/519.jpg,malign,dataset_1,,
data/raw/dataset_1/malign/52.jpg,malign,dataset_1,,
data/raw/dataset_1/malign/520.jpg,malign,dataset_1,,
data/raw/dataset_1/malign/521.jpg,malign,dataset_1,,
data/raw/dataset_1/malign/522.jpg,malign,dataset_1,,
data/raw/dataset_1/malign/523.jpg,malign,dataset_1,,
data/raw/dataset_1/malign/524.jpg,malign,dataset_1,,
data/raw/dataset_1/malign/525.jpg,malign,dataset_1,,
data/raw/dataset_1/malign/526.jpg,malign,dataset_1,,
data/raw/dataset_1/malign/527.jpg,malign,dataset_1,,
data/raw/dataset_1/malign/528.jpg,malign,dataset_1,,
data/raw/dataset_1/malign/529.jpg,malign,dataset_1,,
data/raw/dataset_1/malign/53.jpg,malign,dataset_1,,
data/raw/dataset_1/malign/530.jpg,malign,dataset_1,,
data/raw/dataset_1/malign/531.jpg,malign,dataset_1,,
data/raw/dataset_1/malign/532.jpg,malign,dataset_1,,
data/raw/dataset_1/malign/533.jpg,malign,dataset_1,,
data/raw/dataset_1/malign/534.jpg,malign,dataset_1,,
data/raw/dataset_1/malign/535.jpg,malign,dataset_1,,
data/raw/dataset_1/malign/536.jpg,malign,dataset_1,,
data/raw/dataset_1/malign/537.jpg,malign,dataset_1,,
data/raw/dataset_1/malign/538.jpg,malign,dataset_1,,
data/raw/dataset_1/malign/539.jpg,malign,dataset_1,,
data/raw/dataset_1/malign/54.jpg,malign,dataset_1,,
data/raw/dataset_1/malign/540.jpg,malign,dataset_1,,
data/raw/dataset_1/malign/541.jpg,malign,dataset_1,,
data/raw/dataset_1/malign/542.jpg,malign,dataset_1,,
data/raw/dataset_1/malign/543.jpg,malign,dataset_1,,
data/raw/dataset_1/malign/544.jpg,malign,dataset_1,,
data/raw/dataset_1/malign/545.jpg,malign,dataset_1,,
data/raw/dataset_1/malign/546.jpg,malign,dataset_1,,
data/raw/dataset_1/malign/547.jpg,malign,dataset_1,,
data/raw/dataset_1/malign/548.jpg,malign,dataset_1,,
data/raw/dataset_1/malign/549.jpg,malign,dataset_1,,
data/raw/dataset_1/malign/55.jpg,malign,dataset_1,,
data/raw/dataset_1/malign/550.jpg,malign,dataset_1,,
data/raw/dataset_1/malign/551.jpg,malign,dataset_1,,
data/raw/dataset_1/malign/552.jpg,malign,dataset_1,,
data/raw/dataset_1/malign/553.jpg,malign,dataset_1,,
data/raw/dataset_1/malign/554.jpg,malign,dataset_1,,
data/raw/dataset_1/malign/555.jpg,malign,dataset_1,,
data/raw/dataset_1/malign/556.jpg,malign,dataset_1,,
data/raw/dataset_1/malign/557.jpg,malign,dataset_1,,
data/raw/dataset_1/malign/56.jpg,malign,dataset_1,,
data/raw/dataset_1/malign/57.jpg,malign,dataset_1,,
data/raw/dataset_1/malign/58.jpg,malign,dataset_1,,
data/raw/dataset_1/malign/59.jpg,malign,dataset_1,,
data/raw/dataset_1/malign/6.jpg,malign,dataset_1,,
data/raw/dataset_1/malign/60.jpg,malign,dataset_1,,
data/raw/dataset_1/malign/601.jpg,malign,dataset_1,,
data/raw/dataset_1/malign/602.jpg,malign,dataset_1,,
data/raw/dataset_1/malign/603.jpg,malign,dataset_1,,
data/raw/dataset_1/malign/604.jpg,malign,dataset_1,,
data/raw/dataset_1/malign/605.jpg,malign,dataset_1,,
data/raw/dataset_1/malign/606.jpg,malign,dataset_1,,
data/raw/dataset_1/malign/607.jpg,malign,dataset_1,,
data/raw/dataset_1/malign/608.jpg,malign,dataset_1,,
data/raw/dataset_1/malign/609.jpg,malign,dataset_1,,
data/raw/dataset_1/malign/61.jpg,malign,dataset_1,,
data/raw/dataset_1/malign/610.jpg,malign,dataset_1,,
data/raw/dataset_1/malign/611.jpg,malign,dataset_1,,
data/raw/dataset_1/malign/612.jpg,malign,dataset_1,,
data/raw/dataset_1/malign/613.jpg,malign,dataset_1,,
data/raw/dataset_1/malign/614.jpg,malign,dataset_1,,
data/raw/dataset_1/malign/615.jpg,malign,dataset_1,,
data/raw/dataset_1/malign/616.jpg,malign,dataset_1,,
data/raw/dataset_1/malign/617.jpg,malign,dataset_1,,
data/raw/dataset_1/malign/618.jpg,malign,dataset_1,,
data/raw/dataset_1/malign/619.jpg,malign,dataset_1,,
data/raw/dataset_1/malign/62.jpg,malign,dataset_1,,
data/raw/dataset_1/malign/620.jpg,malign,dataset_1,,
data/raw/dataset_1/malign/621.jpg,malign,dataset_1,,
data/raw/dataset_1/malign/622.jpg,malign,dataset_1,,
data/raw/dataset_1/malign/623.jpg,malign,dataset_1,,
data/raw/dataset_1/malign/624.jpg,malign,dataset_1,,
data/raw/dataset_1/malign/625.jpg,malign,dataset_1,,
data/raw/dataset_1/malign/626.jpg,malign,dataset_1,,
data/raw/dataset_1/malign/627.jpg,malign,dataset_1,,
data/raw/dataset_1/malign/628.jpg,malign,dataset_1,,
data/raw/dataset_1/malign/629.jpg,malign,dataset_1,,
data/raw/dataset_1/malign/63.jpg,malign,dataset_1,,
data/raw/dataset_1/malign/630.jpg,malign,dataset_1,,
data/raw/dataset_1/malign/631.jpg,malign,dataset_1,,
data/raw/dataset_1/malign/632.jpg,malign,dataset_1,,
data/raw/dataset_1/malign/633.jpg,malign,dataset_1,,
data/raw/dataset_1/malign/634.jpg,malign,dataset_1,,
data/raw/dataset_1/malign/635.jpg,malign,dataset_1,,
data/raw/dataset_1/malign/636.jpg,malign,dataset_1,,
data/raw/dataset_1/malign/637.jpg,malign,dataset_1,,
data/raw/dataset_1/malign/638.jpg,malign,dataset_1,,
data/raw/dataset_1/malign/639.jpg,malign,dataset_1,,
data/raw/dataset_1/malign/64.jpg,malign,dataset_1,,
data/raw/dataset_1/malign/640.jpg,malign,dataset_1,,
data/raw/dataset_1/malign/641.jpg,malign,dataset_1,,
data/raw/dataset_1/malign/642.jpg,malign,dataset_1,,
data/raw/dataset_1/malign/643.jpg,malign,dataset_1,,
data/raw/dataset_1/malign/644.jpg,malign,dataset_1,,
data/raw/dataset_1/malign/645.jpg,malign,dataset_1,,
data/raw/dataset_1/malign/646.jpg,malign,dataset_1,,
data/raw/dataset_1/malign/647.jpg,malign,dataset_1,,
data/raw/dataset_1/malign/648.jpg,malign,dataset_1,,
data/raw/dataset_1/malign/649.jpg,malign,dataset_1,,
data/raw/dataset_1/malign/65.jpg,malign,dataset_1,,
data/raw/dataset_1/malign/650.jpg,malign,dataset_1,,
data/raw/dataset_1/malign/651.jpg,malign,dataset_1,,
data/raw/dataset_1/malign/652.jpg,malign,dataset_1,,
data/raw/dataset_1/malign/653.jpg,malign,dataset_1,,
data/raw/dataset_1/malign/654.jpg,malign,dataset_1,,
data/raw/dataset_1/malign/655.jpg,malign,dataset_1,,
data/raw/dataset_1/malign/656.jpg,malign,dataset_1,,
data/raw/dataset_1/malign/657.jpg,malign,dataset_1,,
data/raw/dataset_1/malign/658.jpg,malign,dataset_1,,
data/raw/dataset_1/malign/659.jpg,malign,dataset_1,,
data/raw/dataset_1/malign/66.jpg,malign,dataset_1,,
data/raw/dataset_1/malign/660.jpg,malign,dataset_1,,
data/raw/dataset_1/malign/661.jpg,malign,dataset_1,,
data/raw/dataset_1/malign/662.jpg,malign,dataset_1,,
data/raw/dataset_1/malign/663.jpg,malign,dataset_1,,
data/raw/dataset_1/malign/664.jpg,malign,dataset_1,,
data/raw/dataset_1/malign/665.jpg,malign,dataset_1,,
data/raw/dataset_1/malign/666.jpg,malign,dataset_1,,
data/raw/dataset_1/malign/667.jpg,malign,dataset_1,,
data/raw/dataset_1/malign/668.jpg,malign,dataset_1,,
data/raw/dataset_1/malign/669.jpg,malign,dataset_1,,
data/raw/dataset_1/malign/67.jpg,malign,dataset_1,,
data/raw/dataset_1/malign/670.jpg,malign,dataset_1,,
data/raw/dataset_1/malign/671.jpg,malign,dataset_1,,
data/raw/dataset_1/malign/672.jpg,malign,dataset_1,,
data/raw/dataset_1/malign/673.jpg,malign,dataset_1,,
data/raw/dataset_1/malign/674.jpg,malign,dataset_1,,
data/raw/dataset_1/malign/675.jpg,malign,dataset_1,,
data/raw/dataset_1/malign/676.jpg,malign,dataset_1,,
data/raw/dataset_1/malign/677.jpg,malign,dataset_1,,
data/raw/dataset_1/malign/678.jpg,malign,dataset_1,,
data/raw/dataset_1/malign/679.jpg,malign,dataset_1,,
data/raw/dataset_1/malign/68.jpg,malign,dataset_1,,
data/raw/dataset_1/malign/680.jpg,malign,dataset_1,,
data/raw/dataset_1/malign/681.jpg,malign,dataset_1,,
data/raw/dataset_1/malign/682.jpg,malign,dataset_1,,
data/raw/dataset_1/malign/683.jpg,malign,dataset_1,,
data/raw/dataset_1/malign/684.jpg,malign,dataset_1,,
data/raw/dataset_1/malign/685.jpg,malign,dataset_1,,
data/raw/dataset_1/malign/686.jpg,malign,dataset_1,,
data/raw/dataset_1/malign/687.jpg,malign,dataset_1,,
data/raw/dataset_1/malign/688.jpg,malign,dataset_1,,
data/raw/dataset_1/malign/689.jpg,malign,dataset_1,,
data/raw/dataset_1/malign/69.jpg,malign,dataset_1,,
data/raw/dataset_1/malign/690.jpg,malign,dataset_1,,
data/raw/dataset_1/malign/691.jpg,malign,dataset_1,,
data/raw/dataset_1/malign/692.jpg,malign,dataset_1,,
data/raw/dataset_1/malign/693.jpg,malign,dataset_1,,
data/raw/dataset_1/malign/694.jpg,malign,dataset_1,,
data/raw/dataset_1/malign/695.jpg,malign,dataset_1,,
data/raw/dataset_1/malign/696.jpg,malign,dataset_1,,
data/raw/dataset_1/malign/697.jpg,malign,dataset_1,,
data/raw/dataset_1/malign/698.jpg,malign,dataset_1,,
data/raw/dataset_1/malign/699.jpg,malign,dataset_1,,
data/raw/dataset_1/malign/7.jpg,malign,dataset_1,,
data/raw/dataset_1/malign/70.jpg,malign,dataset_1,,
data/raw/dataset_1/malign/700.jpg,malign,dataset_1,,
data/raw/dataset_1/malign/701.jpg,malign,dataset_1,,
data/raw/dataset_1/malign/702.jpg,malign,dataset_1,,
data/raw/dataset_1/malign/703.jpg,malign,dataset_1,,
data/raw/dataset_1/malign/704.jpg,malign,dataset_1,,
data/raw/dataset_1/malign/705.jpg,malign,dataset_1,,
data/raw/dataset_1/malign/706.jpg,malign,dataset_1,,
data/raw/dataset_1/malign/707.jpg,malign,dataset_1,,
data/raw/dataset_1/malign/708.jpg,malign,dataset_1,,
data/raw/dataset_1/malign/709.jpg,malign,dataset_1,,
data/raw/dataset_1/malign/71.jpg,malign,dataset_1,,
data/raw/dataset_1/malign/710.jpg,malign,dataset_1,,
data/raw/dataset_1/malign/711.jpg,malign,dataset_1,,
data/raw/dataset_1/malign/712.jpg,malign,dataset_1,,
data/raw/dataset_1/malign/713.jpg,malign,dataset_1,,
data/raw/dataset_1/malign/714.jpg,malign,dataset_1,,
data/raw/dataset_1/malign/715.jpg,malign,dataset_1,,
data/raw/dataset_1/malign/716.jpg,malign,dataset_1,,
data/raw/dataset_1/malign/717.jpg,malign,dataset_1,,
data/raw/dataset_1/malign/718.jpg,malign,dataset_1,,
data/raw/dataset_1/malign/719.jpg,malign,dataset_1,,
data/raw/dataset_1/malign/72.jpg,malign,dataset_1,,
data/raw/dataset_1/malign/720.jpg,malign,dataset_1,,
data/raw/dataset_1/malign/721.jpg,malign,dataset_1,,
data/raw/dataset_1/malign/722.jpg,malign,dataset_1,,
data/raw/dataset_1/malign/723.jpg,malign,dataset_1,,
data/raw/dataset_1/malign/724.jpg,malign,dataset_1,,
data/raw/dataset_1/malign/725.jpg,malign,dataset_1,,
data/raw/dataset_1/malign/726.jpg,malign,dataset_1,,
data/raw/dataset_1/malign/727.jpg,malign,dataset_1,,
data/raw/dataset_1/malign/728.jpg,malign,dataset_1,,
data/raw/dataset_1/malign/729.jpg,malign,dataset_1,,
data/raw/dataset_1/malign/73.jpg,malign,dataset_1,,
data/raw/dataset_1/malign/730.jpg,malign,dataset_1,,
data/raw/dataset_1/malign/731.jpg,malign,dataset_1,,
data/raw/dataset_1/malign/732.jpg,malign,dataset_1,,
data/raw/dataset_1/malign/733.jpg,malign,dataset_1,,
data/raw/dataset_1/malign/734.jpg,malign,dataset_1,,
data/raw/dataset_1/malign/735.jpg,malign,dataset_1,,
data/raw/dataset_1/malign/736.jpg,malign,dataset_1,,
data/raw/dataset_1/malign/737.jpg,malign,dataset_1,,
data/raw/dataset_1/malign/738.jpg,malign,dataset_1,,
data/raw/dataset_1/malign/739.jpg,malign,dataset_1,,
data/raw/dataset_1/malign/74.jpg,malign,dataset_1,,
data/raw/dataset_1/malign/740.jpg,malign,dataset_1,,
data/raw/dataset_1/malign/741.jpg,malign,dataset_1,,
data/raw/dataset_1/malign/742.jpg,malign,dataset_1,,
data/raw/dataset_1/malign/743.jpg,malign,dataset_1,,
data/raw/dataset_1/malign/744.jpg,malign,dataset_1,,
data/raw/dataset_1/malign/745.jpg,malign,dataset_1,,
data/raw/dataset_1/malign/746.jpg,malign,dataset_1,,
data/raw/dataset_1/malign/747.jpg,malign,dataset_1,,
data/raw/dataset_1/malign/748.jpg,malign,dataset_1,,
data/raw/dataset_1/malign/749.jpg,malign,dataset_1,,
data/raw/dataset_1/malign/75.jpg,malign,dataset_1,,
data/raw/dataset_1/malign/750.jpg,malign,dataset_1,,
data/raw/dataset_1/malign/751.jpg,malign,dataset_1,,
data/raw/dataset_1/malign/752.jpg,malign,dataset_1,,
data/raw/dataset_1/malign/753.jpg,malign,dataset_1,,
data/raw/dataset_1/malign/754.jpg,malign,dataset_1,,
data/raw/dataset_1/malign/755.jpg,malign,dataset_1,,
data/raw/dataset_1/malign/756.jpg,malign,dataset_1,,
data/raw/dataset_1/malign/757.jpg,malign,dataset_1,,
data/raw/dataset_1/malign/76.jpg,malign,dataset_1,,
data/raw/dataset_1/malign/77.jpg,malign,dataset_1,,
data/raw/dataset_1/malign/78.jpg,malign,dataset_1,,
data/raw/dataset_1/malign/79.jpg,malign,dataset_1,,
data/raw/dataset_1/malign/8.jpg,malign,dataset_1,,
data/raw/dataset_1/malign/80.jpg,malign,dataset_1,,
data/raw/dataset_1/malign/81.jpg,malign,dataset_1,,
data/raw/dataset_1/malign/82.jpg,malign,dataset_1,,
data/raw/dataset_1/malign/83.jpg,malign,dataset_1,,
data/raw/dataset_1/malign/84.jpg,malign,dataset_1,,
data/raw/dataset_1/malign/85.jpg,malign,dataset_1,,
data/raw/dataset_1/malign/86.jpg,malign,dataset_1,,
data/raw/dataset_1/malign/87.jpg,malign,dataset_1,,
data/raw/dataset_1/malign/88.jpg,malign,dataset_1,,
data/raw/dataset_1/malign/89.jpg,malign,dataset_1,,
data/raw/dataset_1/malign/9.jpg,malign,dataset_1,,
data/raw/dataset_1/malign/90.jpg,malign,dataset_1,,
data/raw/dataset_1/malign/901.jpg,malign,dataset_1,,
data/raw/dataset_1/malign/902.jpg,malign,dataset_1,,
data/raw/dataset_1/malign/903.jpg,malign,dataset_1,,
data/raw/dataset_1/malign/904.jpg,malign,dataset_1,,
data/raw/dataset_1/malign/905.jpg,malign,dataset_1,,
data/raw/dataset_1/malign/906.jpg,malign,dataset_1,,
data/raw/dataset_1/malign/907.jpg,malign,dataset_1,,
data/raw/dataset_1/malign/908.jpg,malign,dataset_1,,
data/raw/dataset_1/malign/909.jpg,malign,dataset_1,,
data/raw/dataset_1/malign/91.jpg,malign,dataset_1,,
data/raw/dataset_1/malign/910.jpg,malign,dataset_1,,
data/raw/dataset_1/malign/911.jpg,malign,dataset_1,,
data/raw/dataset_1/malign/912.jpg,malign,dataset_1,,
data/raw/dataset_1/malign/913.jpg,malign,dataset_1,,
data/raw/dataset_1/malign/914.jpg,malign,dataset_1,,
data/raw/dataset_1/malign/915.jpg,malign,dataset_1,,
data/raw/dataset_1/malign/916.jpg,malign,dataset_1,,
data/raw/dataset_1/malign/917.jpg,malign,dataset_1,,
data/raw/dataset_1/malign/918.jpg,malign,dataset_1,,
data/raw/dataset_1/malign/919.jpg,malign,dataset_1,,
data/raw/dataset_1/malign/92.jpg,malign,dataset_1,,
data/raw/dataset_1/malign/920.jpg,malign,dataset_1,,
data/raw/dataset_1/malign/921.jpg,malign,dataset_1,,
data/raw/dataset_1/malign/922.jpg,malign,dataset_1,,
data/raw/dataset_1/malign/923.jpg,malign,dataset_1,,
data/raw/dataset_1/malign/924.jpg,malign,dataset_1,,
data/raw/dataset_1/malign/925.jpg,malign,dataset_1,,
data/raw/dataset_1/malign/926.jpg,malign,dataset_1,,
data/raw/dataset_1/malign/927.jpg,malign,dataset_1,,
data/raw/dataset_1/malign/928.jpg,malign,dataset_1,,
data/raw/dataset_1/malign/929.jpg,malign,dataset_1,,
data/raw/dataset_1/malign/93.jpg,malign,dataset_1,,
data/raw/dataset_1/malign/930.jpg,malign,dataset_1,,
data/raw/dataset_1/malign/931.jpg,malign,dataset_1,,
data/raw/dataset_1/malign/932.jpg,malign,dataset_1,,
data/raw/dataset_1/malign/933.jpg,malign,dataset_1,,
data/raw/dataset_1/malign/934.jpg,malign,dataset_1,,
data/raw/dataset_1/malign/935.jpg,malign,dataset_1,,
data/raw/dataset_1/malign/936.jpg,malign,dataset_1,,
data/raw/dataset_1/malign/937.jpg,malign,dataset_1,,
data/raw/dataset_1/malign/938.jpg,malign,dataset_1,,
data/raw/dataset_1/malign/939.jpg,malign,dataset_1,,
data/raw/dataset_1/malign/94.jpg,malign,dataset_1,,
data/raw/dataset_1/malign/940.jpg,malign,dataset_1,,
data/raw/dataset_1/malign/941.jpg,malign,dataset_1,,
data/raw/dataset_1/malign/942.jpg,malign,dataset_1,,
data/raw/dataset_1/malign/943.jpg,malign,dataset_1,,
data/raw/dataset_1/malign/944.jpg,malign,dataset_1,,
data/raw/dataset_1/malign/945.jpg,malign,dataset_1,,
data/raw/dataset_1/malign/946.jpg,malign,dataset_1,,
data/raw/dataset_1/malign/947.jpg,malign,dataset_1,,
data/raw/dataset_1/malign/948.jpg,malign,dataset_1,,
data/raw/dataset_1/malign/949.jpg,malign,dataset_1,,
data/raw/dataset_1/malign/95.jpg,malign,dataset_1,,
data/raw/dataset_1/malign/950.jpg,malign,dataset_1,,
data/raw/dataset_1/malign/951.jpg,malign,dataset_1,,
data/raw/dataset_1/malign/952.jpg,malign,dataset_1,,
data/raw/dataset_1/malign/953.jpg,malign,dataset_1,,
data/raw/dataset_1/malign/954.jpg,malign,dataset_1,,
data/raw/dataset_1/malign/955.jpg,malign,dataset_1,,
data/raw/dataset_1/malign/956.jpg,malign,dataset_1,,
data/raw/dataset_1/malign/957.jpg,malign,dataset_1,,
data/raw/dataset_1/malign/958.jpg,malign,dataset_1,,
data/raw/dataset_1/malign/959.jpg,malign,dataset_1,,
data/raw/dataset_1/malign/96.jpg,malign,dataset_1,,
data/raw/dataset_1/malign/960.jpg,malign,dataset_1,,
data/raw/dataset_1/malign/961.jpg,malign,dataset_1,,
data/raw/dataset_1/malign/962.jpg,malign,dataset_1,,
data/raw/dataset_1/malign/963.jpg,malign,dataset_1,,
data/raw/dataset_1/malign/964.jpg,malign,dataset_1,,
data/raw/dataset_1/malign/965.jpg,malign,dataset_1,,
data/raw/dataset_1/malign/966.jpg,malign,dataset_1,,
data/raw/dataset_1/malign/967.jpg,malign,dataset_1,,
data/raw/dataset_1/malign/968.jpg,malign,dataset_1,,
data/raw/dataset_1/malign/969.jpg,malign,dataset_1,,
data/raw/dataset_1/malign/97.jpg,malign,dataset_1,,
data/raw/dataset_1/malign/970.jpg,malign,dataset_1,,
data/raw/dataset_1/malign/971.jpg,malign,dataset_1,,
data/raw/dataset_1/malign/972.jpg,malign,dataset_1,,
data/raw/dataset_1/malign/973.jpg,malign,dataset_1,,
data/raw/dataset_1/malign/974.jpg,malign,dataset_1,,
data/raw/dataset_1/malign/975.jpg,malign,dataset_1,,
data/raw/dataset_1/malign/976.jpg,malign,dataset_1,,
data/raw/dataset_1/malign/977.jpg,malign,dataset_1,,
data/raw/dataset_1/malign/978.jpg,malign,dataset_1,,
data/raw/dataset_1/malign/979.jpg,malign,dataset_1,,
data/raw/dataset_1/malign/98.jpg,malign,dataset_1,,
data/raw/dataset_1/malign/980.jpg,malign,dataset_1,,
data/raw/dataset_1/malign/981.jpg,malign,dataset_1,,
data/raw/dataset_1/malign/982.jpg,malign,dataset_1,,
data/raw/dataset_1/malign/983.jpg,malign,dataset_1,,
data/raw/dataset_1/malign/984.jpg,malign,dataset_1,,
data/raw/dataset_1/malign/985.jpg,malign,dataset_1,,
data/raw/dataset_1/malign/986.jpg,malign,dataset_1,,
data/raw/dataset_1/malign/987.jpg,malign,dataset_1,,
data/raw/dataset_1/malign/988.jpg,malign,dataset_1,,
data/raw/dataset_1/malign/989.jpg,malign,dataset_1,,
data/raw/dataset_1/malign/99.jpg,malign,dataset_1,,
data/raw/dataset_1/malign/990.jpg,malign,dataset_1,,
data/raw/dataset_1/malign/991.jpg,malign,dataset_1,,
data/raw/dataset_1/malign/992.jpg,malign,dataset_1,,
data/raw/dataset_1/malign/993.jpg,malign,dataset_1,,
data/raw/dataset_1/malign/994.jpg,malign,dataset_1,,
data/raw/dataset_1/malign/995.jpg,malign,dataset_1,,
data/raw/dataset_1/malign/996.jpg,malign,dataset_1,,
data/raw/dataset_1/malign/997.jpg,malign,dataset_1,,
data/raw/dataset_1/malign/998.jpg,malign,dataset_1,,
data/raw/dataset_1/malign/999.jpg,malign,dataset_1,,
data/raw/oral_cancer/benign/001.jpeg,benign,oral_cancer,,
data/raw/oral_cancer/benign/002.jpeg,benign,oral_cancer,,
data/raw/oral_cancer/benign/003.jpeg,benign,oral_cancer,,
data/raw/oral_cancer/benign/004.jpeg,benign,oral_cancer,,
data/raw/oral_cancer/benign/005.jpeg,benign,oral_cancer,,
data/raw/oral_cancer/benign/006.jpeg,benign,oral_cancer,,
data/raw/oral_cancer/benign/007.jpeg,benign,oral_cancer,,
data/raw/oral_cancer/benign/008.jpeg,benign,oral_cancer,,
data/raw/oral_cancer/benign/009.jpeg,benign,oral_cancer,,
data/raw/oral_cancer/benign/010.jpeg,benign,oral_cancer,,
data/raw/oral_cancer/benign/011.jpeg,benign,oral_cancer,,
data/raw/oral_cancer/benign/012.jpeg,benign,oral_cancer,,
data/raw/oral_cancer/benign/013.jpeg,benign,oral_cancer,,
data/raw/oral_cancer/benign/014.jpeg,benign,oral_cancer,,
data/raw/oral_cancer/benign/015.jpeg,benign,oral_cancer,,
data/raw/oral_cancer/benign/016.jpeg,benign,oral_cancer,,
data/raw/oral_cancer/benign/017.jpeg,benign,oral_cancer,,
data/raw/oral_cancer/benign/018.jpeg,benign,oral_cancer,,
data/raw/oral_cancer/benign/019.jpeg,benign,oral_cancer,,
data/raw/oral_cancer/benign/020.jpeg,benign,oral_cancer,,
data/raw/oral_cancer/benign/021.jpeg,benign,oral_cancer,,
data/raw/oral_cancer/benign/022.jpeg,benign,oral_cancer,,
data/raw/oral_cancer/benign/023.jpeg,benign,oral_cancer,,
data/raw/oral_cancer/benign/024.jpeg,benign,oral_cancer,,
data/raw/oral_cancer/benign/025.jpeg,benign,oral_cancer,,
data/raw/oral_cancer/benign/026.jpeg,benign,oral_cancer,,
data/raw/oral_cancer/benign/027.jpeg,benign,oral_cancer,,
data/raw/oral_cancer/benign/028.jpeg,benign,oral_cancer,,
data/raw/oral_cancer/benign/029.jpeg,benign,oral_cancer,,
data/raw/oral_cancer/benign/030.jpeg,benign,oral_cancer,,
data/raw/oral_cancer/benign/031.jpeg,benign,oral_cancer,,
data/raw/oral_cancer/benign/032.jpeg,benign,oral_cancer,,
data/raw/oral_cancer/benign/033.jpeg,benign,oral_cancer,,
data/raw/oral_cancer/benign/034.jpeg,benign,oral_cancer,,
data/raw/oral_cancer/benign/035.jpeg,benign,oral_cancer,,
data/raw/oral_cancer/benign/036.jpeg,benign,oral_cancer,,
data/raw/oral_cancer/benign/037.jpeg,benign,oral_cancer,,
data/raw/oral_cancer/benign/038.jpeg,benign,oral_cancer,,
data/raw/oral_cancer/benign/039.jpeg,benign,oral_cancer,,
data/raw/oral_cancer/benign/040.jpeg,benign,oral_cancer,,
data/raw/oral_cancer/benign/041.jpeg,benign,oral_cancer,,
data/raw/oral_cancer/benign/042.jpeg,benign,oral_cancer,,
data/raw/oral_cancer/benign/043.jpeg,benign,oral_cancer,,
data/raw/oral_cancer/benign/044.jpeg,benign,oral_cancer,,
data/raw/oral_cancer/benign/045.jpeg,benign,oral_cancer,,
data/raw/oral_cancer/benign/046.jpeg,benign,oral_cancer,,
data/raw/oral_cancer/benign/047.jpeg,benign,oral_cancer,,
data/raw/oral_cancer/benign/048.jpeg,benign,oral_cancer,,
data/raw/oral_cancer/benign/049.jpeg,benign,oral_cancer,,
data/raw/oral_cancer/benign/050.jpeg,benign,oral_cancer,,
data/raw/oral_cancer/benign/051.jpeg,benign,oral_cancer,,
data/raw/oral_cancer/benign/052.jpeg,benign,oral_cancer,,
data/raw/oral_cancer/benign/053.jpeg,benign,oral_cancer,,
data/raw/oral_cancer/benign/054.jpeg,benign,oral_cancer,,
data/raw/oral_cancer/benign/055.jpeg,benign,oral_cancer,,
data/raw/oral_cancer/benign/056.jpeg,benign,oral_cancer,,
data/raw/oral_cancer/benign/057.jpeg,benign,oral_cancer,,
data/raw/oral_cancer/benign/058.jpeg,benign,oral_cancer,,
data/raw/oral_cancer/benign/059.jpeg,benign,oral_cancer,,
data/raw/oral_cancer/benign/060.jpeg,benign,oral_cancer,,
data/raw/oral_cancer/benign/061.jpeg,benign,oral_cancer,,
data/raw/oral_cancer/benign/062.jpeg,benign,oral_cancer,,
data/raw/oral_cancer/benign/063.jpeg,benign,oral_cancer,,
data/raw/oral_cancer/benign/064.jpeg,benign,oral_cancer,,
data/raw/oral_cancer/benign/065.jpeg,benign,oral_cancer,,
data/raw/oral_cancer/benign/066.jpeg,benign,oral_cancer,,
data/raw/oral_cancer/benign/067.jpeg,benign,oral_cancer,,
data/raw/oral_cancer/benign/068.jpeg,benign,oral_cancer,,
data/raw/oral_cancer/benign/069.jpeg,benign,oral_cancer,,
data/raw/oral_cancer/benign/070.jpeg,benign,oral_cancer,,
data/raw/oral_cancer/benign/071.jpeg,benign,oral_cancer,,
data/raw/oral_cancer/benign/072.jpeg,benign,oral_cancer,,
data/raw/oral_cancer/benign/073.jpeg,benign,oral_cancer,,
data/raw/oral_cancer/benign/074.jpeg,benign,oral_cancer,,
data/raw/oral_cancer/benign/075.jpeg,benign,oral_cancer,,
data/raw/oral_cancer/benign/076.jpeg,benign,oral_cancer,,
data/raw/oral_cancer/benign/077.jpeg,benign,oral_cancer,,
data/raw/oral_cancer/benign/078.jpeg,benign,oral_cancer,,
data/raw/oral_cancer/benign/079.jpeg,benign,oral_cancer,,
data/raw/oral_cancer/benign/080.jpeg,benign,oral_cancer,,
data/raw/oral_cancer/benign/081.jpeg,benign,oral_cancer,,
data/raw/oral_cancer/benign/082.jpeg,benign,oral_cancer,,
data/raw/oral_cancer/benign/083.jpeg,benign,oral_cancer,,
data/raw/oral_cancer/benign/084.jpeg,benign,oral_cancer,,
data/raw/oral_cancer/benign/085.jpeg,benign,oral_cancer,,
data/raw/oral_cancer/benign/086.jpeg,benign,oral_cancer,,
data/raw/oral_cancer/benign/087.jpeg,benign,oral_cancer,,
data/raw/oral_cancer/benign/088.jpeg,benign,oral_cancer,,
data/raw/oral_cancer/benign/089.jpeg,benign,oral_cancer,,
data/raw/oral_cancer/benign/090.jpeg,benign,oral_cancer,,
data/raw/oral_cancer/benign/091.jpeg,benign,oral_cancer,,
data/raw/oral_cancer/benign/092.jpeg,benign,oral_cancer,,
data/raw/oral_cancer/benign/093.jpeg,benign,oral_cancer,,
data/raw/oral_cancer/benign/094.jpeg,benign,oral_cancer,,
data/raw/oral_cancer/benign/095.jpeg,benign,oral_cancer,,
data/raw/oral_cancer/benign/096.jpeg,benign,oral_cancer,,
data/raw/oral_cancer/benign/097.jpeg,benign,oral_cancer,,
data/raw/oral_cancer/benign/098.jpeg,benign,oral_cancer,,
data/raw/oral_cancer/benign/099.jpeg,benign,oral_cancer,,
data/raw/oral_cancer/benign/100.jpeg,benign,oral_cancer,,
data/raw/oral_cancer/benign/101.jpeg,benign,oral_cancer,,
data/raw/oral_cancer/benign/102.jpeg,benign,oral_cancer,,
data/raw/oral_cancer/benign/103.jpeg,benign,oral_cancer,,
data/raw/oral_cancer/benign/104.jpeg,benign,oral_cancer,,
data/raw/oral_cancer/benign/105.jpeg,benign,oral_cancer,,
data/raw/oral_cancer/benign/106.jpeg,benign,oral_cancer,,
data/raw/oral_cancer/benign/107.jpeg,benign,oral_cancer,,
data/raw/oral_cancer/benign/108.jpeg,benign,oral_cancer,,
data/raw/oral_cancer/benign/109.jpeg,benign,oral_cancer,,
data/raw/oral_cancer/benign/110.jpeg,benign,oral_cancer,,
data/raw/oral_cancer/benign/111.jpeg,benign,oral_cancer,,
data/raw/oral_cancer/benign/112.jpeg,benign,oral_cancer,,
data/raw/oral_cancer/benign/113.jpeg,benign,oral_cancer,,
data/raw/oral_cancer/benign/114.jpeg,benign,oral_cancer,,
data/raw/oral_cancer/benign/115.jpeg,benign,oral_cancer,,
data/raw/oral_cancer/benign/116.jpeg,benign,oral_cancer,,
data/raw/oral_cancer/benign/117.jpeg,benign,oral_cancer,,
data/raw/oral_cancer/benign/118.jpeg,benign,oral_cancer,,
data/raw/oral_cancer/benign/119.jpeg,benign,oral_cancer,,
data/raw/oral_cancer/benign/120.jpeg,benign,oral_cancer,,
data/raw/oral_cancer/benign/121.jpeg,benign,oral_cancer,,
data/raw/oral_cancer/benign/122.jpeg,benign,oral_cancer,,
data/raw/oral_cancer/benign/123.jpeg,benign,oral_cancer,,
data/raw/oral_cancer/benign/124.jpeg,benign,oral_cancer,,
data/raw/oral_cancer/benign/125.jpeg,benign,oral_cancer,,
data/raw/oral_cancer/benign/126.jpeg,benign,oral_cancer,,
data/raw/oral_cancer/benign/127.jpeg,benign,oral_cancer,,
data/raw/oral_cancer/benign/128.jpeg,benign,oral_cancer,,
data/raw/oral_cancer/benign/129.jpeg,benign,oral_cancer,,
data/raw/oral_cancer/benign/130.jpeg,benign,oral_cancer,,
data/raw/oral_cancer/benign/131.jpeg,benign,oral_cancer,,
data/raw/oral_cancer/benign/132.jpeg,benign,oral_cancer,,
data/raw/oral_cancer/benign/133.jpeg,benign,oral_cancer,,
data/raw/oral_cancer/benign/134.jpeg,benign,oral_cancer,,
data/raw/oral_cancer/benign/135.jpeg,benign,oral_cancer,,
data/raw/oral_cancer/benign/136.jpeg,benign,oral_cancer,,
data/raw/oral_cancer/benign/137.jpeg,benign,oral_cancer,,
data/raw/oral_cancer/benign/138.jpeg,benign,oral_cancer,,
data/raw/oral_cancer/benign/139.jpeg,benign,oral_cancer,,
data/raw/oral_cancer/benign/140.jpeg,benign,oral_cancer,,
data/raw/oral_cancer/benign/141.jpeg,benign,oral_cancer,,
data/raw/oral_cancer/benign/142.jpeg,benign,oral_cancer,,
data/raw/oral_cancer/benign/143.jpeg,benign,oral_cancer,,
data/raw/oral_cancer/benign/144.jpeg,benign,oral_cancer,,
data/raw/oral_cancer/benign/145.jpeg,benign,oral_cancer,,
data/raw/oral_cancer/benign/146.jpeg,benign,oral_cancer,,
data/raw/oral_cancer/benign/147.jpeg,benign,oral_cancer,,
data/raw/oral_cancer/benign/148.jpeg,benign,oral_cancer,,
data/raw/oral_cancer/benign/149.jpeg,benign,oral_cancer,,
data/raw/oral_cancer/benign/150.jpeg,benign,oral_cancer,,
data/raw/oral_cancer/benign/151.jpeg,benign,oral_cancer,,
data/raw/oral_cancer/benign/152.jpeg,benign,oral_cancer,,
data/raw/oral_cancer/benign/153.jpeg,benign,oral_cancer,,
data/raw/oral_cancer/benign/154.jpeg,benign,oral_cancer,,
data/raw/oral_cancer/benign/155.jpeg,benign,oral_cancer,,
data/raw/oral_cancer/benign/156.jpeg,benign,oral_cancer,,
data/raw/oral_cancer/benign/157.jpeg,benign,oral_cancer,,
data/raw/oral_cancer/benign/158.jpeg,benign,oral_cancer,,
data/raw/oral_cancer/benign/159.jpeg,benign,oral_cancer,,
data/raw/oral_cancer/benign/160.jpeg,benign,oral_cancer,,
data/raw/oral_cancer/benign/161.jpeg,benign,oral_cancer,,
data/raw/oral_cancer/benign/162.jpeg,benign,oral_cancer,,
data/raw/oral_cancer/benign/163.jpeg,benign,oral_cancer,,
data/raw/oral_cancer/benign/164.jpeg,benign,oral_cancer,,
data/raw/oral_cancer/benign/165.jpeg,benign,oral_cancer,,
data/raw/oral_cancer/benign/166.jpeg,benign,oral_cancer,,
data/raw/oral_cancer/benign/167.jpeg,benign,oral_cancer,,
data/raw/oral_cancer/benign/168.jpeg,benign,oral_cancer,,
data/raw/oral_cancer/benign/169.jpeg,benign,oral_cancer,,
data/raw/oral_cancer/benign/170.jpeg,benign,oral_cancer,,
data/raw/oral_cancer/benign/171.jpeg,benign,oral_cancer,,
data/raw/oral_cancer/benign/172.jpeg,benign,oral_cancer,,
data/raw/oral_cancer/benign/173.jpeg,benign,oral_cancer,,
data/raw/oral_cancer/benign/174.jpeg,benign,oral_cancer,,
data/raw/oral_cancer/benign/175.jpeg,benign,oral_cancer,,
data/raw/oral_cancer/benign/176.jpeg,benign,oral_cancer,,
data/raw/oral_cancer/benign/177.jpeg,benign,oral_cancer,,
data/raw/oral_cancer/benign/178.jpeg,benign,oral_cancer,,
data/raw/oral_cancer/benign/179.jpeg,benign,oral_cancer,,
data/raw/oral_cancer/benign/180.jpeg,benign,oral_cancer,,
data/raw/oral_cancer/benign/181.jpeg,benign,oral_cancer,,
data/raw/oral_cancer/benign/182.jpeg,benign,oral_cancer,,
data/raw/oral_cancer/benign/183.jpeg,benign,oral_cancer,,
data/raw/oral_cancer/benign/184.jpeg,benign,oral_cancer,,
data/raw/oral_cancer/benign/185.jpeg,benign,oral_cancer,,
data/raw/oral_cancer/benign/186.jpeg,benign,oral_cancer,,
data/raw/oral_cancer/benign/187.jpeg,benign,oral_cancer,,
data/raw/oral_cancer/benign/188.jpeg,benign,oral_cancer,,
data/raw/oral_cancer/benign/189.jpeg,benign,oral_cancer,,
data/raw/oral_cancer/benign/190.jpeg,benign,oral_cancer,,
data/raw/oral_cancer/benign/191.jpeg,benign,oral_cancer,,
data/raw/oral_cancer/benign/192.jpeg,benign,oral_cancer,,
data/raw/oral_cancer/benign/193.jpeg,benign,oral_cancer,,
data/raw/oral_cancer/benign/194.jpeg,benign,oral_cancer,,
data/raw/oral_cancer/benign/195.jpeg,benign,oral_cancer,,
data/raw/oral_cancer/benign/196.jpeg,benign,oral_cancer,,
data/raw/oral_cancer/benign/197.jpeg,benign,oral_cancer,,
data/raw/oral_cancer/benign/198.jpeg,benign,oral_cancer,,
data/raw/oral_cancer/benign/199.jpeg,benign,oral_cancer,,
data/raw/oral_cancer/benign/200.jpeg,benign,oral_cancer,,
data/raw/oral_cancer/benign/201.jpeg,benign,oral_cancer,,
data/raw/oral_cancer/benign/202.jpeg,benign,oral_cancer,,
data/raw/oral_cancer/benign/203.jpeg,benign,oral_cancer,,
data/raw/oral_cancer/benign/204.jpeg,benign,oral_cancer,,
data/raw/oral_cancer/benign/205.jpeg,benign,oral_cancer,,
data/raw/oral_cancer/benign/206.jpeg,benign,oral_cancer,,
data/raw/oral_cancer/benign/207.jpeg,benign,oral_cancer,,
data/raw/oral_cancer/benign/208.jpeg,benign,oral_cancer,,
data/raw/oral_cancer/benign/209.jpeg,benign,oral_cancer,,
data/raw/oral_cancer/benign/210.jpeg,benign,oral_cancer,,
data/raw/oral_cancer/benign/211.jpeg,benign,oral_cancer,,
data/raw/oral_cancer/benign/212.jpeg,benign,oral_cancer,,
data/raw/oral_cancer/benign/213.jpeg,benign,oral_cancer,,
data/raw/oral_cancer/benign/214.jpeg,benign,oral_cancer,,
data/raw/oral_cancer/benign/215.jpeg,benign,oral_cancer,,
data/raw/oral_cancer/benign/216.jpeg,benign,oral_cancer,,
data/raw/oral_cancer/benign/217.jpeg,benign,oral_cancer,,
data/raw/oral_cancer/benign/218.jpeg,benign,oral_cancer,,
data/raw/oral_cancer/benign/219.jpeg,benign,oral_cancer,,
data/raw/oral_cancer/benign/220.jpeg,benign,oral_cancer,,
data/raw/oral_cancer/benign/221.jpeg,benign,oral_cancer,,
data/raw/oral_cancer/benign/222.jpeg,benign,oral_cancer,,
data/raw/oral_cancer/benign/223.jpeg,benign,oral_cancer,,
data/raw/oral_cancer/benign/224.jpeg,benign,oral_cancer,,
data/raw/oral_cancer/benign/225.jpeg,benign,oral_cancer,,
data/raw/oral_cancer/benign/226.jpeg,benign,oral_cancer,,
data/raw/oral_cancer/benign/227.jpeg,benign,oral_cancer,,
data/raw/oral_cancer/benign/228.jpeg,benign,oral_cancer,,
data/raw/oral_cancer/benign/229.jpeg,benign,oral_cancer,,
data/raw/oral_cancer/benign/230.jpeg,benign,oral_cancer,,
data/raw/oral_cancer/benign/231.jpeg,benign,oral_cancer,,
data/raw/oral_cancer/benign/232.jpeg,benign,oral_cancer,,
data/raw/oral_cancer/benign/233.jpeg,benign,oral_cancer,,
data/raw/oral_cancer/benign/234.jpeg,benign,oral_cancer,,
data/raw/oral_cancer/benign/235.jpeg,benign,oral_cancer,,
data/raw/oral_cancer/benign/236.jpeg,benign,oral_cancer,,
data/raw/oral_cancer/benign/237.jpeg,benign,oral_cancer,,
data/raw/oral_cancer/benign/238.jpeg,benign,oral_cancer,,
data/raw/oral_cancer/benign/239.jpeg,benign,oral_cancer,,
data/raw/oral_cancer/benign/240.jpeg,benign,oral_cancer,,
data/raw/oral_cancer/benign/241.jpeg,benign,oral_cancer,,
data/raw/oral_cancer/benign/242.jpeg,benign,oral_cancer,,
data/raw/oral_cancer/benign/243.jpeg,benign,oral_cancer,,
data/raw/oral_cancer/benign/244.jpeg,benign,oral_cancer,,
data/raw/oral_cancer/benign/245.jpeg,benign,oral_cancer,,
data/raw/oral_cancer/benign/246.jpeg,benign,oral_cancer,,
data/raw/oral_cancer/benign/247.jpeg,benign,oral_cancer,,
data/raw/oral_cancer/benign/248.jpeg,benign,oral_cancer,,
data/raw/oral_cancer/benign/249.jpeg,benign,oral_cancer,,
data/raw/oral_cancer/benign/250.jpeg,benign,oral_cancer,,
data/raw/oral_cancer/malign/001.jpeg,malign,oral_cancer,,
data/raw/oral_cancer/malign/002.jpeg,malign,oral_cancer,,
data/raw/oral_cancer/malign/003.jpeg,malign,oral_cancer,,
data/raw/oral_cancer/malign/004.jpeg,malign,oral_cancer,,
data/raw/oral_cancer/malign/005.jpeg,malign,oral_cancer,,
data/raw/oral_cancer/malign/006.jpeg,malign,oral_cancer,,
data/raw/oral_cancer/malign/007.jpeg,malign,oral_cancer,,
data/raw/oral_cancer/malign/008.jpeg,malign,oral_cancer,,
data/raw/oral_cancer/malign/009.jpeg,malign,oral_cancer,,
data/raw/oral_cancer/malign/010.jpeg,malign,oral_cancer,,
data/raw/oral_cancer/malign/011.jpeg,malign,oral_cancer,,
data/raw/oral_cancer/malign/012.jpeg,malign,oral_cancer,,
data/raw/oral_cancer/malign/013.jpeg,malign,oral_cancer,,
data/raw/oral_cancer/malign/014.jpeg,malign,oral_cancer,,
data/raw/oral_cancer/malign/015.jpeg,malign,oral_cancer,,
data/raw/oral_cancer/malign/016.jpeg,malign,oral_cancer,,
data/raw/oral_cancer/malign/017.jpeg,malign,oral_cancer,,
data/raw/oral_cancer/malign/018.jpeg,malign,oral_cancer,,
data/raw/oral_cancer/malign/019.jpeg,malign,oral_cancer,,
data/raw/oral_cancer/malign/020.jpeg,malign,oral_cancer,,
data/raw/oral_cancer/malign/021.jpeg,malign,oral_cancer,,
data/raw/oral_cancer/malign/022.jpeg,malign,oral_cancer,,
data/raw/oral_cancer/malign/023.jpeg,malign,oral_cancer,,
data/raw/oral_cancer/malign/024.jpeg,malign,oral_cancer,,
data/raw/oral_cancer/malign/025.jpeg,malign,oral_cancer,,
data/raw/oral_cancer/malign/026.jpeg,malign,oral_cancer,,
data/raw/oral_cancer/malign/027.jpeg,malign,oral_cancer,,
data/raw/oral_cancer/malign/028.jpeg,malign,oral_cancer,,
data/raw/oral_cancer/malign/029.jpeg,malign,oral_cancer,,
data/raw/oral_cancer/malign/030.jpeg,malign,oral_cancer,,
data/raw/oral_cancer/malign/031.jpeg,malign,oral_cancer,,
data/raw/oral_cancer/malign/032.jpeg,malign,oral_cancer,,
data/raw/oral_cancer/malign/033.jpeg,malign,oral_cancer,,
data/raw/oral_cancer/malign/034.jpeg,malign,oral_cancer,,
data/raw/oral_cancer/malign/035.jpeg,malign,oral_cancer,,
data/raw/oral_cancer/malign/036.jpeg,malign,oral_cancer,,
data/raw/oral_cancer/malign/037.jpeg,malign,oral_cancer,,
data/raw/oral_cancer/malign/038.jpeg,malign,oral_cancer,,
data/raw/oral_cancer/malign/039.jpeg,malign,oral_cancer,,
data/raw/oral_cancer/malign/040.jpeg,malign,oral_cancer,,
data/raw/oral_cancer/malign/041.jpeg,malign,oral_cancer,,
data/raw/oral_cancer/malign/042.jpeg,malign,oral_cancer,,
data/raw/oral_cancer/malign/043.jpeg,malign,oral_cancer,,
data/raw/oral_cancer/malign/044.jpeg,malign,oral_cancer,,
data/raw/oral_cancer/malign/045.jpeg,malign,oral_cancer,,
data/raw/oral_cancer/malign/046.jpeg,malign,oral_cancer,,
data/raw/oral_cancer/malign/047.jpeg,malign,oral_cancer,,
data/raw/oral_cancer/malign/048.jpeg,malign,oral_cancer,,
data/raw/oral_cancer/malign/049.jpeg,malign,oral_cancer,,
data/raw/oral_cancer/malign/050.jpeg,malign,oral_cancer,,
data/raw/oral_cancer/malign/051.jpeg,malign,oral_cancer,,
data/raw/oral_cancer/malign/052.jpeg,malign,oral_cancer,,
data/raw/oral_cancer/malign/053.jpeg,malign,oral_cancer,,
data/raw/oral_cancer/malign/054.jpeg,malign,oral_cancer,,
data/raw/oral_cancer/malign/055.jpeg,malign,oral_cancer,,
data/raw/oral_cancer/malign/056.jpeg,malign,oral_cancer,,
data/raw/oral_cancer/malign/057.jpeg,malign,oral_cancer,,
data/raw/oral_cancer/malign/058.jpeg,malign,oral_cancer,,
data/raw/oral_cancer/malign/059.jpeg,malign,oral_cancer,,
data/raw/oral_cancer/malign/060.jpeg,malign,oral_cancer,,
data/raw/oral_cancer/malign/061.jpeg,malign,oral_cancer,,
data/raw/oral_cancer/malign/062.jpeg,malign,oral_cancer,,
data/raw/oral_cancer/malign/063.jpeg,malign,oral_cancer,,
data/raw/oral_cancer/malign/064.jpeg,malign,oral_cancer,,
data/raw/oral_cancer/malign/065.jpeg,malign,oral_cancer,,
data/raw/oral_cancer/malign/066.jpeg,malign,oral_cancer,,
data/raw/oral_cancer/malign/067.jpeg,malign,oral_cancer,,
data/raw/oral_cancer/malign/068.jpeg,malign,oral_cancer,,
data/raw/oral_cancer/malign/069.jpeg,malign,oral_cancer,,
data/raw/oral_cancer/malign/070.jpeg,malign,oral_cancer,,
data/raw/oral_cancer/malign/071.jpeg,malign,oral_cancer,,
data/raw/oral_cancer/malign/072.jpeg,malign,oral_cancer,,
data/raw/oral_cancer/malign/073.jpeg,malign,oral_cancer,,
data/raw/oral_cancer/malign/074.jpeg,malign,oral_cancer,,
data/raw/oral_cancer/malign/075.jpeg,malign,oral_cancer,,
data/raw/oral_cancer/malign/076.jpeg,malign,oral_cancer,,
data/raw/oral_cancer/malign/077.jpeg,malign,oral_cancer,,
data/raw/oral_cancer/malign/078.jpeg,malign,oral_cancer,,
data/raw/oral_cancer/malign/079.jpeg,malign,oral_cancer,,
data/raw/oral_cancer/malign/080.jpeg,malign,oral_cancer,,
data/raw/oral_cancer/malign/081.jpeg,malign,oral_cancer,,
data/raw/oral_cancer/malign/082.jpeg,malign,oral_cancer,,
data/raw/oral_cancer/malign/083.jpeg,malign,oral_cancer,,
data/raw/oral_cancer/malign/084.jpeg,malign,oral_cancer,,
data/raw/oral_cancer/malign/085.jpeg,malign,oral_cancer,,
data/raw/oral_cancer/malign/086.jpeg,malign,oral_cancer,,
data/raw/oral_cancer/malign/087.jpeg,malign,oral_cancer,,
data/raw/oral_cancer/malign/088.jpeg,malign,oral_cancer,,
data/raw/oral_cancer/malign/089.jpeg,malign,oral_cancer,,
data/raw/oral_cancer/malign/090.jpeg,malign,oral_cancer,,
data/raw/oral_cancer/malign/091.jpeg,malign,oral_cancer,,
data/raw/oral_cancer/malign/092.jpeg,malign,oral_cancer,,
data/raw/oral_cancer/malign/093.jpeg,malign,oral_cancer,,
data/raw/oral_cancer/malign/094.jpeg,malign,oral_cancer,,
data/raw/oral_cancer/malign/095.jpeg,malign,oral_cancer,,
data/raw/oral_cancer/malign/096.jpeg,malign,oral_cancer,,
data/raw/oral_cancer/malign/097.jpeg,malign,oral_cancer,,
data/raw/oral_cancer/malign/098.jpeg,malign,oral_cancer,,
data/raw/oral_cancer/malign/099.jpeg,malign,oral_cancer,,
data/raw/oral_cancer/malign/100.jpeg,malign,oral_cancer,,
data/raw/oral_cancer/malign/101.jpeg,malign,oral_cancer,,
data/raw/oral_cancer/malign/102.jpeg,malign,oral_cancer,,
data/raw/oral_cancer/malign/103.jpeg,malign,oral_cancer,,
data/raw/oral_cancer/malign/104.jpeg,malign,oral_cancer,,
data/raw/oral_cancer/malign/105.jpeg,malign,oral_cancer,,
data/raw/oral_cancer/malign/106.jpeg,malign,oral_cancer,,
data/raw/oral_cancer/malign/107.jpeg,malign,oral_cancer,,
data/raw/oral_cancer/malign/108.jpeg,malign,oral_cancer,,
data/raw/oral_cancer/malign/109.jpeg,malign,oral_cancer,,
data/raw/oral_cancer/malign/110.jpeg,malign,oral_cancer,,
data/raw/oral_cancer/malign/111.jpeg,malign,oral_cancer,,
data/raw/oral_cancer/malign/112.jpeg,malign,oral_cancer,,
data/raw/oral_cancer/malign/113.jpeg,malign,oral_cancer,,
data/raw/oral_cancer/malign/114.jpeg,malign,oral_cancer,,
data/raw/oral_cancer/malign/115.jpeg,malign,oral_cancer,,
data/raw/oral_cancer/malign/116.jpeg,malign,oral_cancer,,
data/raw/oral_cancer/malign/117.jpeg,malign,oral_cancer,,
data/raw/oral_cancer/malign/118.jpeg,malign,oral_cancer,,
data/raw/oral_cancer/malign/119.jpeg,malign,oral_cancer,,
data/raw/oral_cancer/malign/120.jpeg,malign,oral_cancer,,
data/raw/oral_cancer/malign/121.jpeg,malign,oral_cancer,,
data/raw/oral_cancer/malign/122.jpeg,malign,oral_cancer,,
data/raw/oral_cancer/malign/123.jpeg,malign,oral_cancer,,
data/raw/oral_cancer/malign/124.jpeg,malign,oral_cancer,,
data/raw/oral_cancer/malign/125.jpeg,malign,oral_cancer,,
data/raw/oral_cancer/malign/126.jpeg,malign,oral_cancer,,
data/raw/oral_cancer/malign/127.jpeg,malign,oral_cancer,,
data/raw/oral_cancer/malign/128.jpeg,malign,oral_cancer,,
data/raw/oral_cancer/malign/129.jpeg,malign,oral_cancer,,
data/raw/oral_cancer/malign/130.jpeg,malign,oral_cancer,,
data/raw/oral_cancer/malign/131.jpeg,malign,oral_cancer,,
data/raw/oral_cancer/malign/132.jpeg,malign,oral_cancer,,
data/raw/oral_cancer/malign/133.jpeg,malign,oral_cancer,,
data/raw/oral_cancer/malign/134.jpeg,malign,oral_cancer,,
data/raw/oral_cancer/malign/135.jpeg,malign,oral_cancer,,
data/raw/oral_cancer/malign/136.jpeg,malign,oral_cancer,,
data/raw/oral_cancer/malign/137.jpeg,malign,oral_cancer,,
data/raw/oral_cancer/malign/138.jpeg,malign,oral_cancer,,
data/raw/oral_cancer/malign/139.jpeg,malign,oral_cancer,,
data/raw/oral_cancer/malign/140.jpeg,malign,oral_cancer,,
data/raw/oral_cancer/malign/141.jpeg,malign,oral_cancer,,
data/raw/oral_cancer/malign/142.jpeg,malign,oral_cancer,,
data/raw/oral_cancer/malign/143.jpeg,malign,oral_cancer,,
data/raw/oral_cancer/malign/144.jpeg,malign,oral_cancer,,
data/raw/oral_cancer/malign/145.jpeg,malign,oral_cancer,,
data/raw/oral_cancer/malign/146.jpeg,malign,oral_cancer,,
data/raw/oral_cancer/malign/147.jpeg,malign,oral_cancer,,
data/raw/oral_cancer/malign/148.jpeg,malign,oral_cancer,,
data/raw/oral_cancer/malign/149.jpeg,malign,oral_cancer,,
data/raw/oral_cancer/malign/150.jpeg,malign,oral_cancer,,
data/raw/oral_cancer/malign/151.jpeg,malign,oral_cancer,,
data/raw/oral_cancer/malign/152.jpeg,malign,oral_cancer,,
data/raw/oral_cancer/malign/153.jpeg,malign,oral_cancer,,
data/raw/oral_cancer/malign/154.jpeg,malign,oral_cancer,,
data/raw/oral_cancer/malign/155.jpeg,malign,oral_cancer,,
data/raw/oral_cancer/malign/156.jpeg,malign,oral_cancer,,
data/raw/oral_cancer/malign/157.jpeg,malign,oral_cancer,,
data/raw/oral_cancer/malign/158.jpeg,malign,oral_cancer,,
data/raw/oral_cancer/malign/159.jpeg,malign,oral_cancer,,
data/raw/oral_cancer/malign/160.jpeg,malign,oral_cancer,,
data/raw/oral_cancer/malign/161.jpeg,malign,oral_cancer,,
data/raw/oral_cancer/malign/162.jpeg,malign,oral_cancer,,
data/raw/oral_cancer/malign/163.jpeg,malign,oral_cancer,,
data/raw/oral_cancer/malign/164.jpeg,malign,oral_cancer,,
data/raw/oral_cancer/malign/165.jpeg,malign,oral_cancer,,
data/raw/oral_cancer/malign/166.jpeg,malign,oral_cancer,,
data/raw/oral_cancer/malign/167.jpeg,malign,oral_cancer,,
data/raw/oral_cancer/malign/168.jpeg,malign,oral_cancer,,
data/raw/oral_cancer/malign/169.jpeg,malign,oral_cancer,,
data/raw/oral_cancer/malign/170.jpeg,malign,oral_cancer,,
data/raw/oral_cancer/malign/171.jpeg,malign,oral_cancer,,
data/raw/oral_cancer/malign/172.jpeg,malign,oral_cancer,,
data/raw/oral_cancer/malign/173.jpeg,malign,oral_cancer,,
data/raw/oral_cancer/malign/174.jpeg,malign,oral_cancer,,
data/raw/oral_cancer/malign/175.jpeg,malign,oral_cancer,,
data/raw/oral_cancer/malign/176.jpeg,malign,oral_cancer,,
data/raw/oral_cancer/malign/177.jpeg,malign,oral_cancer,,
data/raw/oral_cancer/malign/178.jpeg,malign,oral_cancer,,
data/raw/oral_cancer/malign/179.jpeg,malign,oral_cancer,,
data/raw/oral_cancer/malign/180.jpeg,malign,oral_cancer,,
data/raw/oral_cancer/malign/181.jpeg,malign,oral_cancer,,
data/raw/oral_cancer/malign/182.jpeg,malign,oral_cancer,,
data/raw/oral_cancer/malign/183.jpeg,malign,oral_cancer,,
data/raw/oral_cancer/malign/184.jpeg,malign,oral_cancer,,
data/raw/oral_cancer/malign/185.jpeg,malign,oral_cancer,,
data/raw/oral_cancer/malign/186.jpeg,malign,oral_cancer,,
data/raw/oral_cancer/malign/187.jpeg,malign,oral_cancer,,
data/raw/oral_cancer/malign/188.jpeg,malign,oral_cancer,,
data/raw/oral_cancer/malign/189.jpeg,malign,oral_cancer,,
data/raw/oral_cancer/malign/190.jpeg,malign,oral_cancer,,
data/raw/oral_cancer/malign/191.jpeg,malign,oral_cancer,,
data/raw/oral_cancer/malign/192.jpeg,malign,oral_cancer,,
data/raw/oral_cancer/malign/193.jpeg,malign,oral_cancer,,
data/raw/oral_cancer/malign/194.jpeg,malign,oral_cancer,,
data/raw/oral_cancer/malign/195.jpeg,malign,oral_cancer,,
data/raw/oral_cancer/malign/196.jpeg,malign,oral_cancer,,
data/raw/oral_cancer/malign/197.jpeg,malign,oral_cancer,,
data/raw/oral_cancer/malign/198.jpeg,malign,oral_cancer,,
data/raw/oral_cancer/malign/199.jpeg,malign,oral_cancer,,
data/raw/oral_cancer/malign/200.jpeg,malign,oral_cancer,,
data/raw/oral_cancer/malign/201.jpeg,malign,oral_cancer,,
data/raw/oral_cancer/malign/202.jpeg,malign,oral_cancer,,
data/raw/oral_cancer/malign/203.jpeg,malign,oral_cancer,,
data/raw/oral_cancer/malign/204.jpeg,malign,oral_cancer,,
data/raw/oral_cancer/malign/205.jpeg,malign,oral_cancer,,
data/raw/oral_cancer/malign/206.jpeg,malign,oral_cancer,,
data/raw/oral_cancer/malign/207.jpeg,malign,oral_cancer,,
data/raw/oral_cancer/malign/208.jpeg,malign,oral_cancer,,
data/raw/oral_cancer/malign/209.jpeg,malign,oral_cancer,,
data/raw/oral_cancer/malign/210.jpeg,malign,oral_cancer,,
data/raw/oral_cancer/malign/211.jpeg,malign,oral_cancer,,
data/raw/oral_cancer/malign/212.jpeg,malign,oral_cancer,,
data/raw/oral_cancer/malign/213.jpeg,malign,oral_cancer,,
data/raw/oral_cancer/malign/214.jpeg,malign,oral_cancer,,
data/raw/oral_cancer/malign/215.jpeg,malign,oral_cancer,,
data/raw/oral_cancer/malign/216.jpeg,malign,oral_cancer,,
data/raw/oral_cancer/malign/217.jpeg,malign,oral_cancer,,
data/raw/oral_cancer/malign/218.jpeg,malign,oral_cancer,,
data/raw/oral_cancer/malign/219.jpeg,malign,oral_cancer,,
data/raw/oral_cancer/malign/220.jpeg,malign,oral_cancer,,
data/raw/oral_cancer/malign/221.jpeg,malign,oral_cancer,,
data/raw/oral_cancer/malign/222.jpeg,malign,oral_cancer,,
data/raw/oral_cancer/malign/223.jpeg,malign,oral_cancer,,
data/raw/oral_cancer/malign/224.jpeg,malign,oral_cancer,,
data/raw/oral_cancer/malign/225.jpeg,malign,oral_cancer,,
data/raw/oral_cancer/malign/226.jpeg,malign,oral_cancer,,
data/raw/oral_cancer/malign/227.jpeg,malign,oral_cancer,,
data/raw/oral_cancer/malign/228.jpeg,malign,oral_cancer,,
data/raw/oral_cancer/malign/229.jpeg,malign,oral_cancer,,
data/raw/oral_cancer/malign/230.jpeg,malign,oral_cancer,,
data/raw/oral_cancer/malign/231.jpeg,malign,oral_cancer,,
data/raw/oral_cancer/malign/232.jpeg,malign,oral_cancer,,
data/raw/oral_cancer/malign/233.jpeg,malign,oral_cancer,,
data/raw/oral_cancer/malign/234.jpeg,malign,oral_cancer,,
data/raw/oral_cancer/malign/235.jpeg,malign,oral_cancer,,
data/raw/oral_cancer/malign/236.jpeg,malign,oral_cancer,,
data/raw/oral_cancer/malign/237.jpeg,malign,oral_cancer,,
data/raw/oral_cancer/malign/238.jpeg,malign,oral_cancer,,
data/raw/oral_cancer/malign/239.jpeg,malign,oral_cancer,,
data/raw/oral_cancer/malign/240.jpeg,malign,oral_cancer,,
data/raw/oral_cancer/malign/241.jpeg,malign,oral_cancer,,
data/raw/oral_cancer/malign/242.jpeg,malign,oral_cancer,,
data/raw/oral_cancer/malign/243.jpeg,malign,oral_cancer,,
data/raw/oral_cancer/malign/244.jpeg,malign,oral_cancer,,
data/raw/oral_cancer/malign/245.jpeg,malign,oral_cancer,,
data/raw/oral_cancer/malign/246.jpeg,malign,oral_cancer,,
data/raw/oral_cancer/malign/247.jpeg,malign,oral_cancer,,
data/raw/oral_cancer/malign/248.jpeg,malign,oral_cancer,,
data/raw/oral_cancer/malign/249.jpeg,malign,oral_cancer,,
data/raw/oral_cancer/malign/250.jpeg,malign,oral_cancer,,
data/raw/oral_cancer/malign/251.jpeg,malign,oral_cancer,,
data/raw/oral_cancer/malign/252.jpeg,malign,oral_cancer,,
data/raw/oral_cancer/malign/253.jpeg,malign,oral_cancer,,
data/raw/oral_cancer/malign/254.jpeg,malign,oral_cancer,,
data/raw/oral_cancer/malign/255.jpeg,malign,oral_cancer,,
data/raw/oral_cancer/malign/256.jpeg,malign,oral_cancer,,
data/raw/oral_cancer/malign/257.jpeg,malign,oral_cancer,,
data/raw/oral_cancer/malign/258.jpeg,malign,oral_cancer,,
data/raw/oral_cancer/malign/259.jpeg,malign,oral_cancer,,
data/raw/oral_cancer/malign/260.jpeg,malign,oral_cancer,,
data/raw/oral_cancer/malign/261.jpeg,malign,oral_cancer,,
data/raw/oral_cancer/malign/262.jpeg,malign,oral_cancer,,
data/raw/oral_cancer/malign/263.jpeg,malign,oral_cancer,,
data/raw/oral_cancer/malign/264.jpeg,malign,oral_cancer,,
data/raw/oral_cancer/malign/265.jpeg,malign,oral_cancer,,
data/raw/oral_cancer/malign/266.jpeg,malign,oral_cancer,,
data/raw/oral_cancer/malign/267.jpeg,malign,oral_cancer,,
data/raw/oral_cancer/malign/268.jpeg,malign,oral_cancer,,
data/raw/oral_cancer/malign/269.jpeg,malign,oral_cancer,,
data/raw/oral_cancer/malign/270.jpeg,malign,oral_cancer,,
data/raw/oral_cancer/malign/271.jpeg,malign,oral_cancer,,
data/raw/oral_cancer/malign/272.jpeg,malign,oral_cancer,,
data/raw/oral_cancer/malign/273.jpeg,malign,oral_cancer,,
data/raw/oral_cancer/malign/274.jpeg,malign,oral_cancer,,
data/raw/oral_cancer/malign/275.jpeg,malign,oral_cancer,,
data/raw/oral_cancer/malign/276.jpeg,malign,oral_cancer,,
data/raw/oral_cancer/malign/277.jpeg,malign,oral_cancer,,
data/raw/oral_cancer/malign/278.jpeg,malign,oral_cancer,,
data/raw/oral_cancer/malign/279.jpeg,malign,oral_cancer,,
data/raw/oral_cancer/malign/280.jpeg,malign,oral_cancer,,
data/raw/oral_cancer/malign/281.jpeg,malign,oral_cancer,,
data/raw/oral_cancer/malign/282.jpeg,malign,oral_cancer,,
data/raw/oral_cancer/malign/283.jpeg,malign,oral_cancer,,
data/raw/oral_cancer/malign/284.jpeg,malign,oral_cancer,,
data/raw/oral_cancer/malign/285.jpeg,malign,oral_cancer,,
data/raw/oral_cancer/malign/286.jpeg,malign,oral_cancer,,
data/raw/oral_cancer/malign/287.jpeg,malign,oral_cancer,,
data/raw/oral_cancer/malign/288.jpeg,malign,oral_cancer,,
data/raw/oral_cancer/malign/289.jpeg,malign,oral_cancer,,
data/raw/oral_cancer/malign/290.jpeg,malign,oral_cancer,,
data/raw/oral_cancer/malign/291.jpeg,malign,oral_cancer,,
data/raw/oral_cancer/malign/292.jpeg,malign,oral_cancer,,
data/raw/oral_cancer/malign/293.jpeg,malign,oral_cancer,,
data/raw/oral_cancer/malign/294.jpeg,malign,oral_cancer,,
data/raw/oral_cancer/malign/295.jpeg,malign,oral_cancer,,
data/raw/oral_cancer/malign/296.jpeg,malign,oral_cancer,,
data/raw/oral_cancer/malign/297.jpeg,malign,oral_cancer,,
data/raw/oral_cancer/malign/298.jpeg,malign,oral_cancer,,
data/raw/oral_cancer/malign/299.jpeg,malign,oral_cancer,,
data/raw/oral_cancer/malign/300.jpeg,malign,oral_cancer,,
data/raw/oral_cancer/malign/301.jpeg,malign,oral_cancer,,
data/raw/oral_cancer/malign/302.jpeg,malign,oral_cancer,,
data/raw/oral_cancer/malign/303.jpeg,malign,oral_cancer,,
data/raw/oral_cancer/malign/304.jpeg,malign,oral_cancer,,
data/raw/oral_cancer/malign/305.jpeg,malign,oral_cancer,,
data/raw/oral_cancer/malign/306.jpeg,malign,oral_cancer,,
data/raw/oral_cancer/malign/307.jpeg,malign,oral_cancer,,
data/raw/oral_cancer/malign/308.jpeg,malign,oral_cancer,,
data/raw/oral_cancer/malign/309.jpeg,malign,oral_cancer,,
data/raw/oral_cancer/malign/310.jpeg,malign,oral_cancer,,
data/raw/oral_cancer/malign/311.jpeg,malign,oral_cancer,,
data/raw/oral_cancer/malign/312.jpeg,malign,oral_cancer,,
data/raw/oral_cancer/malign/313.jpeg,malign,oral_cancer,,
data/raw/oral_cancer/malign/314.jpeg,malign,oral_cancer,,
data/raw/oral_cancer/malign/315.jpeg,malign,oral_cancer,,
data/raw/oral_cancer/malign/316.jpeg,malign,oral_cancer,,
data/raw/oral_cancer/malign/317.jpeg,malign,oral_cancer,,
data/raw/oral_cancer/malign/318.jpeg,malign,oral_cancer,,
data/raw/oral_cancer/malign/319.jpeg,malign,oral_cancer,,
data/raw/oral_cancer/malign/320.jpeg,malign,oral_cancer,,
data/raw/oral_cancer/malign/321.jpeg,malign,oral_cancer,,
data/raw/oral_cancer/malign/322.jpeg,malign,oral_cancer,,
data/raw/oral_cancer/malign/323.jpeg,malign,oral_cancer,,
data/raw/oral_cancer/malign/324.jpeg,malign,oral_cancer,,
data/raw/oral_cancer/malign/325.jpeg,malign,oral_cancer,,
data/raw/oral_cancer/malign/326.jpeg,malign,oral_cancer,,
data/raw/oral_cancer/malign/327.jpeg,malign,oral_cancer,,
data/raw/oral_cancer/malign/328.jpeg,malign,oral_cancer,,
data/raw/oral_cancer/malign/329.jpeg,malign,oral_cancer,,
data/raw/oral_cancer/malign/330.jpeg,malign,oral_cancer,,
data/raw/oral_cancer/malign/331.jpeg,malign,oral_cancer,,
data/raw/oral_cancer/malign/332.jpeg,malign,oral_cancer,,
data/raw/oral_cancer/malign/333.jpeg,malign,oral_cancer,,
data/raw/oral_cancer/malign/334.jpeg,malign,oral_cancer,,
data/raw/oral_cancer/malign/335.jpeg,malign,oral_cancer,,
data/raw/oral_cancer/malign/336.jpeg,malign,oral_cancer,,
data/raw/oral_cancer/malign/337.jpeg,malign,oral_cancer,,
data/raw/oral_cancer/malign/338.jpeg,malign,oral_cancer,,
data/raw/oral_cancer/malign/339.jpeg,malign,oral_cancer,,
data/raw/oral_cancer/malign/340.jpeg,malign,oral_cancer,,
data/raw/oral_cancer/malign/341.jpeg,malign,oral_cancer,,
data/raw/oral_cancer/malign/342.jpeg,malign,oral_cancer,,
data/raw/oral_cancer/malign/343.jpeg,malign,oral_cancer,,
data/raw/oral_cancer/malign/344.jpeg,malign,oral_cancer,,
data/raw/oral_cancer/malign/345.jpeg,malign,oral_cancer,,
data/raw/oral_cancer/malign/346.jpeg,malign,oral_cancer,,
data/raw/oral_cancer/malign/347.jpeg,malign,oral_cancer,,
data/raw/oral_cancer/malign/348.jpeg,malign,oral_cancer,,
data/raw/oral_cancer/malign/349.jpeg,malign,oral_cancer,,
data/raw/oral_cancer/malign/350.jpeg,malign,oral_cancer,,
data/raw/oral_cancer/malign/351.jpeg,malign,oral_cancer,,
data/raw/oral_cancer/malign/352.jpeg,malign,oral_cancer,,
data/raw/oral_cancer/malign/353.jpeg,malign,oral_cancer,,
data/raw/oral_cancer/malign/354.jpeg,malign,oral_cancer,,
data/raw/oral_cancer/malign/355.jpeg,malign,oral_cancer,,
data/raw/oral_cancer/malign/356.jpeg,malign,oral_cancer,,
data/raw/oral_cancer/malign/357.jpeg,malign,oral_cancer,,
data/raw/oral_cancer/malign/358.jpeg,malign,oral_cancer,,
data/raw/oral_cancer/malign/359.jpeg,malign,oral_cancer,,
data/raw/oral_cancer/malign/360.jpeg,malign,oral_cancer,,
data/raw/oral_cancer/malign/361.jpeg,malign,oral_cancer,,
data/raw/oral_cancer/malign/362.jpeg,malign,oral_cancer,,
data/raw/oral_cancer/malign/363.jpeg,malign,oral_cancer,,
data/raw/oral_cancer/malign/364.jpeg,malign,oral_cancer,,
data/raw/oral_cancer/malign/365.jpeg,malign,oral_cancer,,
data/raw/oral_cancer/malign/366.jpeg,malign,oral_cancer,,
data/raw/oral_cancer/malign/367.jpeg,malign,oral_cancer,,
data/raw/oral_cancer/malign/368.jpeg,malign,oral_cancer,,
data/raw/oral_cancer/malign/369.jpeg,malign,oral_cancer,,
data/raw/oral_cancer/malign/370.jpeg,malign,oral_cancer,,
data/raw/oral_cancer/malign/371.jpeg,malign,oral_cancer,,
data/raw/oral_cancer/malign/372.jpeg,malign,oral_cancer,,
data/raw/oral_cancer/malign/373.jpeg,malign,oral_cancer,,
data/raw/oral_cancer/malign/374.jpeg,malign,oral_cancer,,
data/raw/oral_cancer/malign/375.jpeg,malign,oral_cancer,,
data/raw/oral_cancer/malign/376.jpeg,malign,oral_cancer,,
data/raw/oral_cancer/malign/377.jpeg,malign,oral_cancer,,
data/raw/oral_cancer/malign/378.jpeg,malign,oral_cancer,,
data/raw/oral_cancer/malign/379.jpeg,malign,oral_cancer,,
data/raw/oral_cancer/malign/380.jpeg,malign,oral_cancer,,
data/raw/oral_cancer/malign/381.jpeg,malign,oral_cancer,,
data/raw/oral_cancer/malign/382.jpeg,malign,oral_cancer,,
data/raw/oral_cancer/malign/383.jpeg,malign,oral_cancer,,
data/raw/oral_cancer/malign/384.jpeg,malign,oral_cancer,,
data/raw/oral_cancer/malign/385.jpeg,malign,oral_cancer,,
data/raw/oral_cancer/malign/386.jpeg,malign,oral_cancer,,
data/raw/oral_cancer/malign/387.jpeg,malign,oral_cancer,,
data/raw/oral_cancer/malign/388.jpeg,malign,oral_cancer,,
data/raw/oral_cancer/malign/389.jpeg,malign,oral_cancer,,
data/raw/oral_cancer/malign/390.jpeg,malign,oral_cancer,,
data/raw/oral_cancer/malign/391.jpeg,malign,oral_cancer,,
data/raw/oral_cancer/malign/392.jpeg,malign,oral_cancer,,
data/raw/oral_cancer/malign/393.jpeg,malign,oral_cancer,,
data/raw/oral_cancer/malign/394.jpeg,malign,oral_cancer,,
data/raw/oral_cancer/malign/395.jpeg,malign,oral_cancer,,
data/raw/oral_cancer/malign/396.jpeg,malign,oral_cancer,,
data/raw/oral_cancer/malign/397.jpeg,malign,oral_cancer,,
data/raw/oral_cancer/malign/398.jpeg,malign,oral_cancer,,
data/raw/oral_cancer/malign/399.jpeg,malign,oral_cancer,,
data/raw/oral_cancer/malign/400.jpeg,malign,oral_cancer,,
data/raw/oral_cancer/malign/401.jpeg,malign,oral_cancer,,
data/raw/oral_cancer/malign/402.jpeg,malign,oral_cancer,,
data/raw/oral_cancer/malign/403.jpeg,malign,oral_cancer,,
data/raw/oral_cancer/malign/404.jpeg,malign,oral_cancer,,
data/raw/oral_cancer/malign/405.jpeg,malign,oral_cancer,,
data/raw/oral_cancer/malign/406.jpeg,malign,oral_cancer,,
data/raw/oral_cancer/malign/407.jpeg,malign,oral_cancer,,
data/raw/oral_cancer/malign/408.jpeg,malign,oral_cancer,,
data/raw/oral_cancer/malign/409.jpeg,malign,oral_cancer,,
data/raw/oral_cancer/malign/410.jpeg,malign,oral_cancer,,
data/raw/oral_cancer/malign/411.jpeg,malign,oral_cancer,,
data/raw/oral_cancer/malign/412.jpeg,malign,oral_cancer,,
data/raw/oral_cancer/malign/413.jpeg,malign,oral_cancer,,
data/raw/oral_cancer/malign/414.jpeg,malign,oral_cancer,,
data/raw/oral_cancer/malign/415.jpeg,malign,oral_cancer,,
data/raw/oral_cancer/malign/416.jpeg,malign,oral_cancer,,
data/raw/oral_cancer/malign/417.jpeg,malign,oral_cancer,,
data/raw/oral_cancer/malign/418.jpeg,malign,oral_cancer,,
data/raw/oral_cancer/malign/419.jpeg,malign,oral_cancer,,
data/raw/oral_cancer/malign/420.jpeg,malign,oral_cancer,,
data/raw/oral_cancer/malign/421.jpeg,malign,oral_cancer,,
data/raw/oral_cancer/malign/422.jpeg,malign,oral_cancer,,
data/raw/oral_cancer/malign/423.jpeg,malign,oral_cancer,,
data/raw/oral_cancer/malign/424.jpeg,malign,oral_cancer,,
data/raw/oral_cancer/malign/425.jpeg,malign,oral_cancer,,
data/raw/oral_cancer/malign/426.jpeg,malign,oral_cancer,,
data/raw/oral_cancer/malign/427.jpeg,malign,oral_cancer,,
data/raw/oral_cancer/malign/428.jpeg,malign,oral_cancer,,
data/raw/oral_cancer/malign/429.jpeg,malign,oral_cancer,,
data/raw/oral_cancer/malign/430.jpeg,malign,oral_cancer,,
data/raw/oral_cancer/malign/431.jpeg,malign,oral_cancer,,
data/raw/oral_cancer/malign/432.jpeg,malign,oral_cancer,,
data/raw/oral_cancer/malign/433.jpeg,malign,oral_cancer,,
data/raw/oral_cancer/malign/434.jpeg,malign,oral_cancer,,
data/raw/oral_cancer/malign/435.jpeg,malign,oral_cancer,,
data/raw/oral_cancer/malign/436.jpeg,malign,oral_cancer,,
data/raw/oral_cancer/malign/437.jpeg,malign,oral_cancer,,
data/raw/oral_cancer/malign/438.jpeg,malign,oral_cancer,,
data/raw/oral_cancer/malign/439.jpeg,malign,oral_cancer,,
data/raw/oral_cancer/malign/440.jpeg,malign,oral_cancer,,
data/raw/oral_cancer/malign/441.jpeg,malign,oral_cancer,,
data/raw/oral_cancer/malign/442.jpeg,malign,oral_cancer,,
data/raw/oral_cancer/malign/443.jpeg,malign,oral_cancer,,
data/raw/oral_cancer/malign/444.jpeg,malign,oral_cancer,,
data/raw/oral_cancer/malign/445.jpeg,malign,oral_cancer,,
data/raw/oral_cancer/malign/446.jpeg,malign,oral_cancer,,
data/raw/oral_cancer/malign/447.jpeg,malign,oral_cancer,,
data/raw/oral_cancer/malign/448.jpeg,malign,oral_cancer,,
data/raw/oral_cancer/malign/449.jpeg,malign,oral_cancer,,
data/raw/oral_cancer/malign/450.jpeg,malign,oral_cancer,,
data/raw/oral_cancer/malign/451.jpeg,malign,oral_cancer,,
data/raw/oral_cancer/malign/452.jpeg,malign,oral_cancer,,
data/raw/oral_cancer/malign/453.jpeg,malign,oral_cancer,,
data/raw/oral_cancer/malign/454.jpeg,malign,oral_cancer,,
data/raw/oral_cancer/malign/455.jpeg,malign,oral_cancer,,
data/raw/oral_cancer/malign/456.jpeg,malign,oral_cancer,,
data/raw/oral_cancer/malign/457.jpeg,malign,oral_cancer,,
data/raw/oral_cancer/malign/458.jpeg,malign,oral_cancer,,
data/raw/oral_cancer/malign/459.jpeg,malign,oral_cancer,,
data/raw/oral_cancer/malign/460.jpeg,malign,oral_cancer,,
data/raw/oral_cancer/malign/461.jpeg,malign,oral_cancer,,
data/raw/oral_cancer/malign/462.jpeg,malign,oral_cancer,,
data/raw/oral_cancer/malign/463.jpeg,malign,oral_cancer,,
data/raw/oral_cancer/malign/464.jpeg,malign,oral_cancer,,
data/raw/oral_cancer/malign/465.jpeg,malign,oral_cancer,,
data/raw/oral_cancer/malign/466.jpeg,malign,oral_cancer,,
data/raw/oral_cancer/malign/467.jpeg,malign,oral_cancer,,
data/raw/oral_cancer/malign/468.jpeg,malign,oral_cancer,,
data/raw/oral_cancer/malign/469.jpeg,malign,oral_cancer,,
data/raw/oral_cancer/malign/470.jpeg,malign,oral_cancer,,
data/raw/oral_cancer/malign/471.jpeg,malign,oral_cancer,,
data/raw/oral_cancer/malign/472.jpeg,malign,oral_cancer,,
data/raw/oral_cancer/malign/473.jpeg,malign,oral_cancer,,
data/raw/oral_cancer/malign/474.jpeg,malign,oral_cancer,,
data/raw/oral_cancer/malign/475.jpeg,malign,oral_cancer,,
data/raw/oral_cancer/malign/476.jpeg,malign,oral_cancer,,
data/raw/oral_cancer/malign/477.jpeg,malign,oral_cancer,,
data/raw/oral_cancer/malign/478.jpeg,malign,oral_cancer,,
data/raw/oral_cancer/malign/479.jpeg,malign,oral_cancer,,
data/raw/oral_cancer/malign/480.jpeg,malign,oral_cancer,,
data/raw/oral_cancer/malign/481.jpeg,malign,oral_cancer,,
data/raw/oral_cancer/malign/482.jpeg,malign,oral_cancer,,
data/raw/oral_cancer/malign/483.jpeg,malign,oral_cancer,,
data/raw/oral_cancer/malign/484.jpeg,malign,oral_cancer,,
data/raw/oral_cancer/malign/485.jpeg,malign,oral_cancer,,
data/raw/oral_cancer/malign/486.jpeg,malign,oral_cancer,,
data/raw/oral_cancer/malign/487.jpeg,malign,oral_cancer,,
data/raw/oral_cancer/malign/488.jpeg,malign,oral_cancer,,
data/raw/oral_cancer/malign/489.jpeg,malign,oral_cancer,,
data/raw/oral_cancer/malign/490.jpeg,malign,oral_cancer,,
data/raw/oral_cancer/malign/491.jpeg,malign,oral_cancer,,
data/raw/oral_cancer/malign/492.jpeg,malign,oral_cancer,,
data/raw/oral_cancer/malign/493.jpeg,malign,oral_cancer,,
data/raw/oral_cancer/malign/494.jpeg,malign,oral_cancer,,
data/raw/oral_cancer/malign/495.jpeg,malign,oral_cancer,,
data/raw/oral_cancer/malign/496.jpeg,malign,oral_cancer,,
data/raw/oral_cancer/malign/497.jpeg,malign,oral_cancer,,
data/raw/oral_cancer/malign/498.jpeg,malign,oral_cancer,,
data/raw/oral_cancer/malign/499.jpeg,malign,oral_cancer,,
data/raw/oral_cancer/malign/500.jpeg,malign,oral_cancer,,
data/raw/oral_cancer_1/benign/001.jpeg,benign,oral_cancer_1,,
data/raw/oral_cancer_1/benign/002.jpeg,benign,oral_cancer_1,,
data/raw/oral_cancer_1/benign/003.jpeg,benign,oral_cancer_1,,
data/raw/oral_cancer_1/benign/004.jpeg,benign,oral_cancer_1,,
data/raw/oral_cancer_1/benign/005.jpeg,benign,oral_cancer_1,,
data/raw/oral_cancer_1/benign/006.jpeg,benign,oral_cancer_1,,
data/raw/oral_cancer_1/benign/007.jpeg,benign,oral_cancer_1,,
data/raw/oral_cancer_1/benign/008.jpeg,benign,oral_cancer_1,,
data/raw/oral_cancer_1/benign/009.jpeg,benign,oral_cancer_1,,
data/raw/oral_cancer_1/benign/010.jpeg,benign,oral_cancer_1,,
data/raw/oral_cancer_1/benign/011.jpeg,benign,oral_cancer_1,,
data/raw/oral_cancer_1/benign/012.jpeg,benign,oral_cancer_1,,
data/raw/oral_cancer_1/benign/013.jpeg,benign,oral_cancer_1,,
data/raw/oral_cancer_1/benign/014.jpeg,benign,oral_cancer_1,,
data/raw/oral_cancer_1/benign/015.jpeg,benign,oral_cancer_1,,
data/raw/oral_cancer_1/benign/016.jpeg,benign,oral_cancer_1,,
data/raw/oral_cancer_1/benign/017.jpeg,benign,oral_cancer_1,,
data/raw/oral_cancer_1/benign/018.jpeg,benign,oral_cancer_1,,
data/raw/oral_cancer_1/benign/019.jpeg,benign,oral_cancer_1,,
data/raw/oral_cancer_1/benign/020.jpeg,benign,oral_cancer_1,,
data/raw/oral_cancer_1/benign/021.jpeg,benign,oral_cancer_1,,
data/raw/oral_cancer_1/benign/022.jpeg,benign,oral_cancer_1,,
data/raw/oral_cancer_1/benign/023.jpeg,benign,oral_cancer_1,,
data/raw/oral_cancer_1/benign/024.jpeg,benign,oral_cancer_1,,
data/raw/oral_cancer_1/benign/025.jpeg,benign,oral_cancer_1,,
data/raw/oral_cancer_1/benign/026.jpeg,benign,oral_cancer_1,,
data/raw/oral_cancer_1/benign/027.jpeg,benign,oral_cancer_1,,
data/raw/oral_cancer_1/benign/028.jpeg,benign,oral_cancer_1,,
data/raw/oral_cancer_1/benign/029.jpeg,benign,oral_cancer_1,,
data/raw/oral_cancer_1/benign/030.jpeg,benign,oral_cancer_1,,
data/raw/oral_cancer_1/benign/031.jpeg,benign,oral_cancer_1,,
data/raw/oral_cancer_1/benign/032.jpeg,benign,oral_cancer_1,,
data/raw/oral_cancer_1/benign/033.jpeg,benign,oral_cancer_1,,
data/raw/oral_cancer_1/benign/034.jpeg,benign,oral_cancer_1,,
data/raw/oral_cancer_1/benign/035.jpeg,benign,oral_cancer_1,,
data/raw/oral_cancer_1/benign/036.jpeg,benign,oral_cancer_1,,
data/raw/oral_cancer_1/benign/037.jpeg,benign,oral_cancer_1,,
data/raw/oral_cancer_1/benign/038.jpeg,benign,oral_cancer_1,,
data/raw/oral_cancer_1/benign/039.jpeg,benign,oral_cancer_1,,
data/raw/oral_cancer_1/benign/040.jpeg,benign,oral_cancer_1,,
data/raw/oral_cancer_1/benign/041.jpeg,benign,oral_cancer_1,,
data/raw/oral_cancer_1/benign/042.jpeg,benign,oral_cancer_1,,
data/raw/oral_cancer_1/benign/043.jpeg,benign,oral_cancer_1,,
data/raw/oral_cancer_1/benign/044.jpeg,benign,oral_cancer_1,,
data/raw/oral_cancer_1/benign/045.jpeg,benign,oral_cancer_1,,
data/raw/oral_cancer_1/benign/046.jpeg,benign,oral_cancer_1,,
data/raw/oral_cancer_1/benign/047.jpeg,benign,oral_cancer_1,,
data/raw/oral_cancer_1/benign/048.jpeg,benign,oral_cancer_1,,
data/raw/oral_cancer_1/benign/049.jpeg,benign,oral_cancer_1,,
data/raw/oral_cancer_1/benign/050.jpeg,benign,oral_cancer_1,,
data/raw/oral_cancer_1/benign/051.jpeg,benign,oral_cancer_1,,
data/raw/oral_cancer_1/benign/052.jpeg,benign,oral_cancer_1,,
data/raw/oral_cancer_1/benign/053.jpeg,benign,oral_cancer_1,,
data/raw/oral_cancer_1/benign/054.jpeg,benign,oral_cancer_1,,
data/raw/oral_cancer_1/benign/055.jpeg,benign,oral_cancer_1,,
data/raw/oral_cancer_1/benign/056.jpeg,benign,oral_cancer_1,,
data/raw/oral_cancer_1/benign/057.jpeg,benign,oral_cancer_1,,
data/raw/oral_cancer_1/benign/058.jpeg,benign,oral_cancer_1,,
data/raw/oral_cancer_1/benign/059.jpeg,benign,oral_cancer_1,,
data/raw/oral_cancer_1/benign/060.jpeg,benign,oral_cancer_1,,
data/raw/oral_cancer_1/benign/061.jpeg,benign,oral_cancer_1,,
data/raw/oral_cancer_1/benign/062.jpeg,benign,oral_cancer_1,,
data/raw/oral_cancer_1/benign/063.jpeg,benign,oral_cancer_1,,
data/raw/oral_cancer_1/benign/064.jpeg,benign,oral_cancer_1,,
data/raw/oral_cancer_1/benign/065.jpeg,benign,oral_cancer_1,,
data/raw/oral_cancer_1/benign/066.jpeg,benign,oral_cancer_1,,
data/raw/oral_cancer_1/benign/067.jpeg,benign,oral_cancer_1,,
data/raw/oral_cancer_1/benign/068.jpeg,benign,oral_cancer_1,,
data/raw/oral_cancer_1/benign/069.jpeg,benign,oral_cancer_1,,
data/raw/oral_cancer_1/benign/070.jpeg,benign,oral_cancer_1,,
data/raw/oral_cancer_1/benign/071.jpeg,benign,oral_cancer_1,,
data/raw/oral_cancer_1/benign/072.jpeg,benign,oral_cancer_1,,
data/raw/oral_cancer_1/benign/073.jpeg,benign,oral_cancer_1,,
data/raw/oral_cancer_1/benign/074.jpeg,benign,oral_cancer_1,,
data/raw/oral_cancer_1/benign/075.jpeg,benign,oral_cancer_1,,
data/raw/oral_cancer_1/benign/076.jpeg,benign,oral_cancer_1,,
data/raw/oral_cancer_1/benign/077.jpeg,benign,oral_cancer_1,,
data/raw/oral_cancer_1/benign/078.jpeg,benign,oral_cancer_1,,
data/raw/oral_cancer_1/benign/079.jpeg,benign,oral_cancer_1,,
data/raw/oral_cancer_1/benign/080.jpeg,benign,oral_cancer_1,,
data/raw/oral_cancer_1/benign/081.jpeg,benign,oral_cancer_1,,
data/raw/oral_cancer_1/benign/082.jpeg,benign,oral_cancer_1,,
data/raw/oral_cancer_1/benign/083.jpeg,benign,oral_cancer_1,,
data/raw/oral_cancer_1/benign/084.jpeg,benign,oral_cancer_1,,
data/raw/oral_cancer_1/benign/085.jpeg,benign,oral_cancer_1,,
data/raw/oral_cancer_1/benign/086.jpeg,benign,oral_cancer_1,,
data/raw/oral_cancer_1/benign/087.jpeg,benign,oral_cancer_1,,
data/raw/oral_cancer_1/benign/088.jpeg,benign,oral_cancer_1,,
data/raw/oral_cancer_1/benign/089.jpeg,benign,oral_cancer_1,,
data/raw/oral_cancer_1/benign/090.jpeg,benign,oral_cancer_1,,
data/raw/oral_cancer_1/benign/091.jpeg,benign,oral_cancer_1,,
data/raw/oral_cancer_1/benign/092.jpeg,benign,oral_cancer_1,,
data/raw/oral_cancer_1/benign/093.jpeg,benign,oral_cancer_1,,
data/raw/oral_cancer_1/benign/094.jpeg,benign,oral_cancer_1,,
data/raw/oral_cancer_1/benign/095.jpeg,benign,oral_cancer_1,,
data/raw/oral_cancer_1/benign/096.jpeg,benign,oral_cancer_1,,
data/raw/oral_cancer_1/benign/097.jpeg,benign,oral_cancer_1,,
data/raw/oral_cancer_1/benign/098.jpeg,benign,oral_cancer_1,,
data/raw/oral_cancer_1/benign/099.jpeg,benign,oral_cancer_1,,
data/raw/oral_cancer_1/benign/100.jpeg,benign,oral_cancer_1,,
data/raw/oral_cancer_1/benign/101.jpeg,benign,oral_cancer_1,,
data/raw/oral_cancer_1/benign/102.jpeg,benign,oral_cancer_1,,
data/raw/oral_cancer_1/benign/103.jpeg,benign,oral_cancer_1,,
data/raw/oral_cancer_1/benign/104.jpeg,benign,oral_cancer_1,,
data/raw/oral_cancer_1/benign/105.jpeg,benign,oral_cancer_1,,
data/raw/oral_cancer_1/benign/106.jpeg,benign,oral_cancer_1,,
data/raw/oral_cancer_1/benign/107.jpeg,benign,oral_cancer_1,,
data/raw/oral_cancer_1/benign/108.jpeg,benign,oral_cancer_1,,
data/raw/oral_cancer_1/benign/109.jpeg,benign,oral_cancer_1,,
data/raw/oral_cancer_1/benign/110.jpeg,benign,oral_cancer_1,,
data/raw/oral_cancer_1/benign/111.jpeg,benign,oral_cancer_1,,
data/raw/oral_cancer_1/benign/112.jpeg,benign,oral_cancer_1,,
data/raw/oral_cancer_1/benign/113.jpeg,benign,oral_cancer_1,,
data/raw/oral_cancer_1/benign/114.jpeg,benign,oral_cancer_1,,
data/raw/oral_cancer_1/benign/115.jpeg,benign,oral_cancer_1,,
data/raw/oral_cancer_1/benign/116.jpeg,benign,oral_cancer_1,,
data/raw/oral_cancer_1/benign/117.jpeg,benign,oral_cancer_1,,
data/raw/oral_cancer_1/benign/118.jpeg,benign,oral_cancer_1,,
data/raw/oral_cancer_1/benign/119.jpeg,benign,oral_cancer_1,,
data/raw/oral_cancer_1/benign/120.jpeg,benign,oral_cancer_1,,
data/raw/oral_cancer_1/benign/121.jpeg,benign,oral_cancer_1,,
data/raw/oral_cancer_1/benign/122.jpeg,benign,oral_cancer_1,,
data/raw/oral_cancer_1/benign/123.jpeg,benign,oral_cancer_1,,
data/raw/oral_cancer_1/benign/124.jpeg,benign,oral_cancer_1,,
data/raw/oral_cancer_1/benign/125.jpeg,benign,oral_cancer_1,,
data/raw/oral_cancer_1/benign/126.jpeg,benign,oral_cancer_1,,
data/raw/oral_cancer_1/benign/127.jpeg,benign,oral_cancer_1,,
data/raw/oral_cancer_1/benign/128.jpeg,benign,oral_cancer_1,,
data/raw/oral_cancer_1/benign/129.jpeg,benign,oral_cancer_1,,
data/raw/oral_cancer_1/benign/130.jpeg,benign,oral_cancer_1,,
data/raw/oral_cancer_1/benign/131.jpeg,benign,oral_cancer_1,,
data/raw/oral_cancer_1/benign/132.jpeg,benign,oral_cancer_1,,
data/raw/oral_cancer_1/benign/133.jpeg,benign,oral_cancer_1,,
data/raw/oral_cancer_1/benign/134.jpeg,benign,oral_cancer_1,,
data/raw/oral_cancer_1/benign/135.jpeg,benign,oral_cancer_1,,
data/raw/oral_cancer_1/benign/136.jpeg,benign,oral_cancer_1,,
data/raw/oral_cancer_1/benign/137.jpeg,benign,oral_cancer_1,,
data/raw/oral_cancer_1/benign/138.jpeg,benign,oral_cancer_1,,
data/raw/oral_cancer_1/benign/139.jpeg,benign,oral_cancer_1,,
data/raw/oral_cancer_1/benign/140.jpeg,benign,oral_cancer_1,,
data/raw/oral_cancer_1/benign/141.jpeg,benign,oral_cancer_1,,
data/raw/oral_cancer_1/benign/142.jpeg,benign,oral_cancer_1,,
data/raw/oral_cancer_1/benign/143.jpeg,benign,oral_cancer_1,,
data/raw/oral_cancer_1/benign/144.jpeg,benign,oral_cancer_1,,
data/raw/oral_cancer_1/benign/145.jpeg,benign,oral_cancer_1,,
data/raw/oral_cancer_1/benign/146.jpeg,benign,oral_cancer_1,,
data/raw/oral_cancer_1/benign/147.jpeg,benign,oral_cancer_1,,
data/raw/oral_cancer_1/benign/148.jpeg,benign,oral_cancer_1,,
data/raw/oral_cancer_1/benign/149.jpeg,benign,oral_cancer_1,,
data/raw/oral_cancer_1/benign/150.jpeg,benign,oral_cancer_1,,
data/raw/oral_cancer_1/benign/151.jpeg,benign,oral_cancer_1,,
data/raw/oral_cancer_1/benign/152.jpeg,benign,oral_cancer_1,,
data/raw/oral_cancer_1/benign/153.jpeg,benign,oral_cancer_1,,
data/raw/oral_cancer_1/benign/154.jpeg,benign,oral_cancer_1,,
data/raw/oral_cancer_1/benign/155.jpeg,benign,oral_cancer_1,,
data/raw/oral_cancer_1/benign/156.jpeg,benign,oral_cancer_1,,
data/raw/oral_cancer_1/benign/157.jpeg,benign,oral_cancer_1,,
data/raw/oral_cancer_1/benign/158.jpeg,benign,oral_cancer_1,,
data/raw/oral_cancer_1/benign/159.jpeg,benign,oral_cancer_1,,
data/raw/oral_cancer_1/benign/160.jpeg,benign,oral_cancer_1,,
data/raw/oral_cancer_1/benign/161.jpeg,benign,oral_cancer_1,,
data/raw/oral_cancer_1/benign/162.jpeg,benign,oral_cancer_1,,
data/raw/oral_cancer_1/benign/163.jpeg,benign,oral_cancer_1,,
data/raw/oral_cancer_1/benign/164.jpeg,benign,oral_cancer_1,,
data/raw/oral_cancer_1/benign/165.jpeg,benign,oral_cancer_1,,
data/raw/oral_cancer_1/benign/166.jpeg,benign,oral_cancer_1,,
data/raw/oral_cancer_1/benign/167.jpeg,benign,oral_cancer_1,,
data/raw/oral_cancer_1/benign/168.jpeg,benign,oral_cancer_1,,
data/raw/oral_cancer_1/benign/169.jpeg,benign,oral_cancer_1,,
data/raw/oral_cancer_1/benign/170.jpeg,benign,oral_cancer_1,,
data/raw/oral_cancer_1/benign/171.jpeg,benign,oral_cancer_1,,
data/raw/oral_cancer_1/benign/172.jpeg,benign,oral_cancer_1,,
data/raw/oral_cancer_1/benign/173.jpeg,benign,oral_cancer_1,,
data/raw/oral_cancer_1/benign/174.jpeg,benign,oral_cancer_1,,
data/raw/oral_cancer_1/benign/175.jpeg,benign,oral_cancer_1,,
data/raw/oral_cancer_1/benign/176.jpeg,benign,oral_cancer_1,,
data/raw/oral_cancer_1/benign/177.jpeg,benign,oral_cancer_1,,
data/raw/oral_cancer_1/benign/178.jpeg,benign,oral_cancer_1,,
data/raw/oral_cancer_1/benign/179.jpeg,benign,oral_cancer_1,,
data/raw/oral_cancer_1/benign/180.jpeg,benign,oral_cancer_1,,
data/raw/oral_cancer_1/benign/181.jpeg,benign,oral_cancer_1,,
data/raw/oral_cancer_1/benign/182.jpeg,benign,oral_cancer_1,,
data/raw/oral_cancer_1/benign/183.jpeg,benign,oral_cancer_1,,
data/raw/oral_cancer_1/benign/184.jpeg,benign,oral_cancer_1,,
data/raw/oral_cancer_1/benign/185.jpeg,benign,oral_cancer_1,,
data/raw/oral_cancer_1/benign/186.jpeg,benign,oral_cancer_1,,
data/raw/oral_cancer_1/benign/187.jpeg,benign,oral_cancer_1,,
data/raw/oral_cancer_1/benign/188.jpeg,benign,oral_cancer_1,,
data/raw/oral_cancer_1/benign/189.jpeg,benign,oral_cancer_1,,
data/raw/oral_cancer_1/benign/190.jpeg,benign,oral_cancer_1,,
data/raw/oral_cancer_1/benign/191.jpeg,benign,oral_cancer_1,,
data/raw/oral_cancer_1/benign/192.jpeg,benign,oral_cancer_1,,
data/raw/oral_cancer_1/benign/193.jpeg,benign,oral_cancer_1,,
data/raw/oral_cancer_1/benign/194.jpeg,benign,oral_cancer_1,,
data/raw/oral_cancer_1/benign/195.jpeg,benign,oral_cancer_1,,
data/raw/oral_cancer_1/benign/196.jpeg,benign,oral_cancer_1,,
data/raw/oral_cancer_1/benign/197.jpeg,benign,oral_cancer_1,,
data/raw/oral_cancer_1/benign/198.jpeg,benign,oral_cancer_1,,
data/raw/oral_cancer_1/benign/199.jpeg,benign,oral_cancer_1,,
data/raw/oral_cancer_1/benign/200.jpeg,benign,oral_cancer_1,,
data/raw/oral_cancer_1/benign/201.jpeg,benign,oral_cancer_1,,
data/raw/oral_cancer_1/benign/202.jpeg,benign,oral_cancer_1,,
data/raw/oral_cancer_1/benign/203.jpeg,benign,oral_cancer_1,,
data/raw/oral_cancer_1/benign/204.jpeg,benign,oral_cancer_1,,
data/raw/oral_cancer_1/benign/205.jpeg,benign,oral_cancer_1,,
data/raw/oral_cancer_1/benign/206.jpeg,benign,oral_cancer_1,,
data/raw/oral_cancer_1/benign/207.jpeg,benign,oral_cancer_1,,
data/raw/oral_cancer_1/benign/208.jpeg,benign,oral_cancer_1,,
data/raw/oral_cancer_1/benign/209.jpeg,benign,oral_cancer_1,,
data/raw/oral_cancer_1/benign/210.jpeg,benign,oral_cancer_1,,
data/raw/oral_cancer_1/benign/211.jpeg,benign,oral_cancer_1,,
data/raw/oral_cancer_1/benign/212.jpeg,benign,oral_cancer_1,,
data/raw/oral_cancer_1/benign/213.jpeg,benign,oral_cancer_1,,
data/raw/oral_cancer_1/benign/214.jpeg,benign,oral_cancer_1,,
data/raw/oral_cancer_1/benign/215.jpeg,benign,oral_cancer_1,,
data/raw/oral_cancer_1/benign/216.jpeg,benign,oral_cancer_1,,
data/raw/oral_cancer_1/benign/217.jpeg,benign,oral_cancer_1,,
data/raw/oral_cancer_1/benign/218.jpeg,benign,oral_cancer_1,,
data/raw/oral_cancer_1/benign/219.jpeg,benign,oral_cancer_1,,
data/raw/oral_cancer_1/benign/220.jpeg,benign,oral_cancer_1,,
data/raw/oral_cancer_1/benign/221.jpeg,benign,oral_cancer_1,,
data/raw/oral_cancer_1/benign/222.jpeg,benign,oral_cancer_1,,
data/raw/oral_cancer_1/benign/223.jpeg,benign,oral_cancer_1,,
data/raw/oral_cancer_1/benign/224.jpeg,benign,oral_cancer_1,,
data/raw/oral_cancer_1/benign/225.jpeg,benign,oral_cancer_1,,
data/raw/oral_cancer_1/benign/226.jpeg,benign,oral_cancer_1,,
data/raw/oral_cancer_1/benign/227.jpeg,benign,oral_cancer_1,,
data/raw/oral_cancer_1/benign/228.jpeg,benign,oral_cancer_1,,
data/raw/oral_cancer_1/benign/229.jpeg,benign,oral_cancer_1,,
data/raw/oral_cancer_1/benign/230.jpeg,benign,oral_cancer_1,,
data/raw/oral_cancer_1/benign/231.jpeg,benign,oral_cancer_1,,
data/raw/oral_cancer_1/benign/232.jpeg,benign,oral_cancer_1,,
data/raw/oral_cancer_1/benign/233.jpeg,benign,oral_cancer_1,,
data/raw/oral_cancer_1/benign/234.jpeg,benign,oral_cancer_1,,
data/raw/oral_cancer_1/benign/235.jpeg,benign,oral_cancer_1,,
data/raw/oral_cancer_1/benign/236.jpeg,benign,oral_cancer_1,,
data/raw/oral_cancer_1/benign/237.jpeg,benign,oral_cancer_1,,
data/raw/oral_cancer_1/benign/238.jpeg,benign,oral_cancer_1,,
data/raw/oral_cancer_1/benign/239.jpeg,benign,oral_cancer_1,,
data/raw/oral_cancer_1/benign/240.jpeg,benign,oral_cancer_1,,
data/raw/oral_cancer_1/benign/241.jpeg,benign,oral_cancer_1,,
data/raw/oral_cancer_1/benign/242.jpeg,benign,oral_cancer_1,,
data/raw/oral_cancer_1/benign/243.jpeg,benign,oral_cancer_1,,
data/raw/oral_cancer_1/benign/244.jpeg,benign,oral_cancer_1,,
data/raw/oral_cancer_1/benign/245.jpeg,benign,oral_cancer_1,,
data/raw/oral_cancer_1/benign/246.jpeg,benign,oral_cancer_1,,
data/raw/oral_cancer_1/benign/247.jpeg,benign,oral_cancer_1,,
data/raw/oral_cancer_1/benign/248.jpeg,benign,oral_cancer_1,,
data/raw/oral_cancer_1/benign/249.jpeg,benign,oral_cancer_1,,
data/raw/oral_cancer_1/benign/250.jpeg,benign,oral_cancer_1,,
data/raw/oral_cancer_1/benign/251.jpeg,benign,oral_cancer_1,,
data/raw/oral_cancer_1/benign/252.jpeg,benign,oral_cancer_1,,
data/raw/oral_cancer_1/benign/253.jpeg,benign,oral_cancer_1,,
data/raw/oral_cancer_1/benign/254.jpeg,benign,oral_cancer_1,,
data/raw/oral_cancer_1/benign/255.jpeg,benign,oral_cancer_1,,
data/raw/oral_cancer_1/benign/256.jpeg,benign,oral_cancer_1,,
data/raw/oral_cancer_1/benign/257.jpeg,benign,oral_cancer_1,,
data/raw/oral_cancer_1/benign/258.jpeg,benign,oral_cancer_1,,
data/raw/oral_cancer_1/benign/259.jpeg,benign,oral_cancer_1,,
data/raw/oral_cancer_1/benign/260.jpeg,benign,oral_cancer_1,,
data/raw/oral_cancer_1/benign/261.jpeg,benign,oral_cancer_1,,
data/raw/oral_cancer_1/benign/262.jpeg,benign,oral_cancer_1,,
data/raw/oral_cancer_1/benign/263.jpeg,benign,oral_cancer_1,,
data/raw/oral_cancer_1/benign/264.jpeg,benign,oral_cancer_1,,
data/raw/oral_cancer_1/benign/265.jpeg,benign,oral_cancer_1,,
data/raw/oral_cancer_1/benign/266.jpeg,benign,oral_cancer_1,,
data/raw/oral_cancer_1/benign/267.jpeg,benign,oral_cancer_1,,
data/raw/oral_cancer_1/benign/268.jpeg,benign,oral_cancer_1,,
data/raw/oral_cancer_1/benign/269.jpeg,benign,oral_cancer_1,,
data/raw/oral_cancer_1/benign/270.jpeg,benign,oral_cancer_1,,
data/raw/oral_cancer_1/benign/271.jpeg,benign,oral_cancer_1,,
data/raw/oral_cancer_1/benign/272.jpeg,benign,oral_cancer_1,,
data/raw/oral_cancer_1/benign/273.jpeg,benign,oral_cancer_1,,
data/raw/oral_cancer_1/benign/274.jpeg,benign,oral_cancer_1,,
data/raw/oral_cancer_1/benign/275.jpeg,benign,oral_cancer_1,,
data/raw/oral_cancer_1/benign/276.jpeg,benign,oral_cancer_1,,
data/raw/oral_cancer_1/benign/277.jpeg,benign,oral_cancer_1,,
data/raw/oral_cancer_1/benign/278.jpeg,benign,oral_cancer_1,,
data/raw/oral_cancer_1/benign/279.jpeg,benign,oral_cancer_1,,
data/raw/oral_cancer_1/benign/280.jpeg,benign,oral_cancer_1,,
data/raw/oral_cancer_1/benign/281.jpeg,benign,oral_cancer_1,,
data/raw/oral_cancer_1/benign/282.jpeg,benign,oral_cancer_1,,
data/raw/oral_cancer_1/benign/283.jpeg,benign,oral_cancer_1,,
data/raw/oral_cancer_1/benign/284.jpeg,benign,oral_cancer_1,,
data/raw/oral_cancer_1/benign/285.jpeg,benign,oral_cancer_1,,
data/raw/oral_cancer_1/benign/286.jpeg,benign,oral_cancer_1,,
data/raw/oral_cancer_1/benign/287.jpeg,benign,oral_cancer_1,,
data/raw/oral_cancer_1/benign/288.jpeg,benign,oral_cancer_1,,
data/raw/oral_cancer_1/benign/289.jpeg,benign,oral_cancer_1,,
data/raw/oral_cancer_1/benign/290.jpeg,benign,oral_cancer_1,,
data/raw/oral_cancer_1/benign/291.jpeg,benign,oral_cancer_1,,
data/raw/oral_cancer_1/benign/292.jpeg,benign,oral_cancer_1,,
data/raw/oral_cancer_1/benign/293.jpeg,benign,oral_cancer_1,,
data/raw/oral_cancer_1/benign/294.jpeg,benign,oral_cancer_1,,
data/raw/oral_cancer_1/benign/295.jpeg,benign,oral_cancer_1,,
data/raw/oral_cancer_1/benign/296.jpeg,benign,oral_cancer_1,,
data/raw/oral_cancer_1/benign/297.jpeg,benign,oral_cancer_1,,
data/raw/oral_cancer_1/benign/298.jpeg,benign,oral_cancer_1,,
data/raw/oral_cancer_1/benign/299.jpeg,benign,oral_cancer_1,,
data/raw/oral_cancer_1/benign/300.jpeg,benign,oral_cancer_1,,
data/raw/oral_cancer_1/benign/301.jpeg,benign,oral_cancer_1,,
data/raw/oral_cancer_1/benign/302.jpeg,benign,oral_cancer_1,,
data/raw/oral_cancer_1/benign/303.jpeg,benign,oral_cancer_1,,
data/raw/oral_cancer_1/benign/304.jpeg,benign,oral_cancer_1,,
data/raw/oral_cancer_1/benign/305.jpeg,benign,oral_cancer_1,,
data/raw/oral_cancer_1/benign/306.jpeg,benign,oral_cancer_1,,
data/raw/oral_cancer_1/benign/307.jpeg,benign,oral_cancer_1,,
data/raw/oral_cancer_1/benign/308.jpeg,benign,oral_cancer_1,,
data/raw/oral_cancer_1/benign/309.jpeg,benign,oral_cancer_1,,
data/raw/oral_cancer_1/benign/310.jpeg,benign,oral_cancer_1,,
data/raw/oral_cancer_1/benign/311.jpeg,benign,oral_cancer_1,,
data/raw/oral_cancer_1/benign/312.jpeg,benign,oral_cancer_1,,
data/raw/oral_cancer_1/benign/313.jpeg,benign,oral_cancer_1,,
data/raw/oral_cancer_1/benign/314.jpeg,benign,oral_cancer_1,,
data/raw/oral_cancer_1/benign/315.jpeg,benign,oral_cancer_1,,
data/raw/oral_cancer_1/benign/316.jpeg,benign,oral_cancer_1,,
data/raw/oral_cancer_1/benign/317.jpeg,benign,oral_cancer_1,,
data/raw/oral_cancer_1/benign/318.jpeg,benign,oral_cancer_1,,
data/raw/oral_cancer_1/benign/319.jpeg,benign,oral_cancer_1,,
data/raw/oral_cancer_1/benign/320.jpeg,benign,oral_cancer_1,,
data/raw/oral_cancer_1/benign/321.jpeg,benign,oral_cancer_1,,
data/raw/oral_cancer_1/benign/322.jpeg,benign,oral_cancer_1,,
data/raw/oral_cancer_1/benign/323.jpeg,benign,oral_cancer_1,,
data/raw/oral_cancer_1/benign/324.jpeg,benign,oral_cancer_1,,
data/raw/oral_cancer_1/benign/325.jpeg,benign,oral_cancer_1,,
data/raw/oral_cancer_1/benign/326.jpeg,benign,oral_cancer_1,,
data/raw/oral_cancer_1/benign/327.jpeg,benign,oral_cancer_1,,
data/raw/oral_cancer_1/benign/328.jpeg,benign,oral_cancer_1,,
data/raw/oral_cancer_1/benign/329.jpeg,benign,oral_cancer_1,,
data/raw/oral_cancer_1/benign/330.jpeg,benign,oral_cancer_1,,
data/raw/oral_cancer_1/benign/331.jpeg,benign,oral_cancer_1,,
data/raw/oral_cancer_1/benign/332.jpeg,benign,oral_cancer_1,,
data/raw/oral_cancer_1/benign/333.jpeg,benign,oral_cancer_1,,
data/raw/oral_cancer_1/benign/334.jpeg,benign,oral_cancer_1,,
data/raw/oral_cancer_1/benign/335.jpeg,benign,oral_cancer_1,,
data/raw/oral_cancer_1/benign/336.jpeg,benign,oral_cancer_1,,
data/raw/oral_cancer_1/benign/337.jpeg,benign,oral_cancer_1,,
data/raw/oral_cancer_1/benign/338.jpeg,benign,oral_cancer_1,,
data/raw/oral_cancer_1/benign/339.jpeg,benign,oral_cancer_1,,
data/raw/oral_cancer_1/benign/340.jpeg,benign,oral_cancer_1,,
data/raw/oral_cancer_1/benign/341.jpeg,benign,oral_cancer_1,,
data/raw/oral_cancer_1/benign/342.jpeg,benign,oral_cancer_1,,
data/raw/oral_cancer_1/benign/343.jpeg,benign,oral_cancer_1,,
data/raw/oral_cancer_1/benign/344.jpeg,benign,oral_cancer_1,,
data/raw/oral_cancer_1/benign/345.jpeg,benign,oral_cancer_1,,
data/raw/oral_cancer_1/benign/346.jpeg,benign,oral_cancer_1,,
data/raw/oral_cancer_1/benign/347.jpeg,benign,oral_cancer_1,,
data/raw/oral_cancer_1/benign/348.jpeg,benign,oral_cancer_1,,
data/raw/oral_cancer_1/benign/349.jpeg,benign,oral_cancer_1,,
data/raw/oral_cancer_1/benign/350.jpeg,benign,oral_cancer_1,,
data/raw/oral_cancer_1/benign/351.jpeg,benign,oral_cancer_1,,
data/raw/oral_cancer_1/benign/352.jpeg,benign,oral_cancer_1,,
data/raw/oral_cancer_1/benign/353.jpeg,benign,oral_cancer_1,,
data/raw/oral_cancer_1/benign/354.jpeg,benign,oral_cancer_1,,
data/raw/oral_cancer_1/benign/355.jpeg,benign,oral_cancer_1,,
data/raw/oral_cancer_1/benign/356.jpeg,benign,oral_cancer_1,,
data/raw/oral_cancer_1/benign/357.jpeg,benign,oral_cancer_1,,
data/raw/oral_cancer_1/benign/358.jpeg,benign,oral_cancer_1,,
data/raw/oral_cancer_1/benign/359.jpeg,benign,oral_cancer_1,,
data/raw/oral_cancer_1/benign/360.jpeg,benign,oral_cancer_1,,
data/raw/oral_cancer_1/benign/361.jpeg,benign,oral_cancer_1,,
data/raw/oral_cancer_1/benign/362.jpeg,benign,oral_cancer_1,,
data/raw/oral_cancer_1/benign/363.jpeg,benign,oral_cancer_1,,
data/raw/oral_cancer_1/benign/364.jpeg,benign,oral_cancer_1,,
data/raw/oral_cancer_1/benign/365.jpeg,benign,oral_cancer_1,,
data/raw/oral_cancer_1/benign/366.jpeg,benign,oral_cancer_1,,
data/raw/oral_cancer_1/benign/367.jpeg,benign,oral_cancer_1,,
data/raw/oral_cancer_1/benign/368.jpeg,benign,oral_cancer_1,,
data/raw/oral_cancer_1/benign/369.jpeg,benign,oral_cancer_1,,
data/raw/oral_cancer_1/benign/370.jpeg,benign,oral_cancer_1,,
data/raw/oral_cancer_1/benign/371.jpeg,benign,oral_cancer_1,,
data/raw/oral_cancer_1/benign/372.jpeg,benign,oral_cancer_1,,
data/raw/oral_cancer_1/benign/373.jpeg,benign,oral_cancer_1,,
data/raw/oral_cancer_1/benign/374.jpeg,benign,oral_cancer_1,,
data/raw/oral_cancer_1/benign/375.jpeg,benign,oral_cancer_1,,
data/raw/oral_cancer_1/benign/376.jpeg,benign,oral_cancer_1,,
data/raw/oral_cancer_1/benign/377.jpeg,benign,oral_cancer_1,,
data/raw/oral_cancer_1/benign/378.jpeg,benign,oral_cancer_1,,
data/raw/oral_cancer_1/benign/379.jpeg,benign,oral_cancer_1,,
data/raw/oral_cancer_1/benign/380.jpeg,benign,oral_cancer_1,,
data/raw/oral_cancer_1/benign/381.jpeg,benign,oral_cancer_1,,
data/raw/oral_cancer_1/benign/382.jpeg,benign,oral_cancer_1,,
data/raw/oral_cancer_1/benign/383.jpeg,benign,oral_cancer_1,,
data/raw/oral_cancer_1/benign/384.jpeg,benign,oral_cancer_1,,
data/raw/oral_cancer_1/benign/385.jpeg,benign,oral_cancer_1,,
data/raw/oral_cancer_1/benign/386.jpeg,benign,oral_cancer_1,,
data/raw/oral_cancer_1/benign/387.jpeg,benign,oral_cancer_1,,
data/raw/oral_cancer_1/benign/388.jpeg,benign,oral_cancer_1,,
data/raw/oral_cancer_1/benign/389.jpeg,benign,oral_cancer_1,,
data/raw/oral_cancer_1/benign/390.jpeg,benign,oral_cancer_1,,
data/raw/oral_cancer_1/benign/391.jpeg,benign,oral_cancer_1,,
data/raw/oral_cancer_1/benign/392.jpeg,benign,oral_cancer_1,,
data/raw/oral_cancer_1/benign/393.jpeg,benign,oral_cancer_1,,
data/raw/oral_cancer_1/benign/394.jpeg,benign,oral_cancer_1,,
data/raw/oral_cancer_1/benign/395.jpeg,benign,oral_cancer_1,,
data/raw/oral_cancer_1/benign/396.jpeg,benign,oral_cancer_1,,
data/raw/oral_cancer_1/benign/397.jpeg,benign,oral_cancer_1,,
data/raw/oral_cancer_1/benign/398.jpeg,benign,oral_cancer_1,,
data/raw/oral_cancer_1/benign/399.jpeg,benign,oral_cancer_1,,
data/raw/oral_cancer_1/benign/400.jpeg,benign,oral_cancer_1,,
data/raw/oral_cancer_1/benign/401.jpeg,benign,oral_cancer_1,,
data/raw/oral_cancer_1/benign/402.jpeg,benign,oral_cancer_1,,
data/raw/oral_cancer_1/benign/403.jpeg,benign,oral_cancer_1,,
data/raw/oral_cancer_1/benign/404.jpeg,benign,oral_cancer_1,,
data/raw/oral_cancer_1/benign/405.jpeg,benign,oral_cancer_1,,
data/raw/oral_cancer_1/benign/406.jpeg,benign,oral_cancer_1,,
data/raw/oral_cancer_1/benign/407.jpeg,benign,oral_cancer_1,,
data/raw/oral_cancer_1/benign/408.jpeg,benign,oral_cancer_1,,
data/raw/oral_cancer_1/benign/409.jpeg,benign,oral_cancer_1,,
data/raw/oral_cancer_1/benign/410.jpeg,benign,oral_cancer_1,,
data/raw/oral_cancer_1/benign/411.jpeg,benign,oral_cancer_1,,
data/raw/oral_cancer_1/benign/412.jpeg,benign,oral_cancer_1,,
data/raw/oral_cancer_1/benign/413.jpeg,benign,oral_cancer_1,,
data/raw/oral_cancer_1/benign/414.jpeg,benign,oral_cancer_1,,
data/raw/oral_cancer_1/benign/415.jpeg,benign,oral_cancer_1,,
data/raw/oral_cancer_1/benign/416.jpeg,benign,oral_cancer_1,,
data/raw/oral_cancer_1/benign/417.jpeg,benign,oral_cancer_1,,
data/raw/oral_cancer_1/benign/418.jpeg,benign,oral_cancer_1,,
data/raw/oral_cancer_1/benign/419.jpeg,benign,oral_cancer_1,,
data/raw/oral_cancer_1/benign/420.jpeg,benign,oral_cancer_1,,
data/raw/oral_cancer_1/benign/421.jpeg,benign,oral_cancer_1,,
data/raw/oral_cancer_1/benign/422.jpeg,benign,oral_cancer_1,,
data/raw/oral_cancer_1/benign/423.jpeg,benign,oral_cancer_1,,
data/raw/oral_cancer_1/benign/424.jpeg,benign,oral_cancer_1,,
data/raw/oral_cancer_1/benign/425.jpeg,benign,oral_cancer_1,,
data/raw/oral_cancer_1/benign/426.jpeg,benign,oral_cancer_1,,
data/raw/oral_cancer_1/benign/427.jpeg,benign,oral_cancer_1,,
data/raw/oral_cancer_1/benign/428.jpeg,benign,oral_cancer_1,,
data/raw/oral_cancer_1/benign/429.jpeg,benign,oral_cancer_1,,
data/raw/oral_cancer_1/benign/430.jpeg,benign,oral_cancer_1,,
data/raw/oral_cancer_1/benign/431.jpeg,benign,oral_cancer_1,,
data/raw/oral_cancer_1/benign/432.jpeg,benign,oral_cancer_1,,
data/raw/oral_cancer_1/benign/433.jpeg,benign,oral_cancer_1,,
data/raw/oral_cancer_1/benign/434.jpeg,benign,oral_cancer_1,,
data/raw/oral_cancer_1/benign/435.jpeg,benign,oral_cancer_1,,
data/raw/oral_cancer_1/benign/436.jpeg,benign,oral_cancer_1,,
data/raw/oral_cancer_1/benign/437.jpeg,benign,oral_cancer_1,,
data/raw/oral_cancer_1/benign/438.jpeg,benign,oral_cancer_1,,
data/raw/oral_cancer_1/benign/439.jpeg,benign,oral_cancer_1,,
data/raw/oral_cancer_1/benign/440.jpeg,benign,oral_cancer_1,,
data/raw/oral_cancer_1/benign/441.jpeg,benign,oral_cancer_1,,
data/raw/oral_cancer_1/benign/442.jpeg,benign,oral_cancer_1,,
data/raw/oral_cancer_1/benign/443.jpeg,benign,oral_cancer_1,,
data/raw/oral_cancer_1/benign/444.jpeg,benign,oral_cancer_1,,
data/raw/oral_cancer_1/benign/445.jpeg,benign,oral_cancer_1,,
data/raw/oral_cancer_1/benign/446.jpeg,benign,oral_cancer_1,,
data/raw/oral_cancer_1/benign/447.jpeg,benign,oral_cancer_1,,
data/raw/oral_cancer_1/benign/448.jpeg,benign,oral_cancer_1,,
data/raw/oral_cancer_1/benign/449.jpeg,benign,oral_cancer_1,,
data/raw/oral_cancer_1/benign/450.jpeg,benign,oral_cancer_1,,
data/raw/oral_cancer_1/malign/001.jpeg,malign,oral_cancer_1,,
data/raw/oral_cancer_1/malign/002.jpeg,malign,oral_cancer_1,,
data/raw/oral_cancer_1/malign/003.jpeg,malign,oral_cancer_1,,
data/raw/oral_cancer_1/malign/004.jpeg,malign,oral_cancer_1,,
data/raw/oral_cancer_1/malign/005.jpeg,malign,oral_cancer_1,,
data/raw/oral_cancer_1/malign/006.jpeg,malign,oral_cancer_1,,
data/raw/oral_cancer_1/malign/007.jpeg,malign,oral_cancer_1,,
data/raw/oral_cancer_1/malign/008.jpeg,malign,oral_cancer_1,,
data/raw/oral_cancer_1/malign/009.jpeg,malign,oral_cancer_1,,
data/raw/oral_cancer_1/malign/010.jpeg,malign,oral_cancer_1,,
data/raw/oral_cancer_1/malign/011.jpeg,malign,oral_cancer_1,,
data/raw/oral_cancer_1/malign/012.jpeg,malign,oral_cancer_1,,
data/raw/oral_cancer_1/malign/013.jpeg,malign,oral_cancer_1,,
data/raw/oral_cancer_1/malign/014.jpeg,malign,oral_cancer_1,,
data/raw/oral_cancer_1/malign/015.jpeg,malign,oral_cancer_1,,
data/raw/oral_cancer_1/malign/016.jpeg,malign,oral_cancer_1,,
data/raw/oral_cancer_1/malign/017.jpeg,malign,oral_cancer_1,,
data/raw/oral_cancer_1/malign/018.jpeg,malign,oral_cancer_1,,
data/raw/oral_cancer_1/malign/019.jpeg,malign,oral_cancer_1,,
data/raw/oral_cancer_1/malign/020.jpeg,malign,oral_cancer_1,,
data/raw/oral_cancer_1/malign/021.jpeg,malign,oral_cancer_1,,
data/raw/oral_cancer_1/malign/022.jpeg,malign,oral_cancer_1,,
data/raw/oral_cancer_1/malign/023.jpeg,malign,oral_cancer_1,,
data/raw/oral_cancer_1/malign/024.jpeg,malign,oral_cancer_1,,
data/raw/oral_cancer_1/malign/025.jpeg,malign,oral_cancer_1,,
data/raw/oral_cancer_1/malign/026.jpeg,malign,oral_cancer_1,,
data/raw/oral_cancer_1/malign/027.jpeg,malign,oral_cancer_1,,
data/raw/oral_cancer_1/malign/028.jpeg,malign,oral_cancer_1,,
data/raw/oral_cancer_1/malign/029.jpeg,malign,oral_cancer_1,,
data/raw/oral_cancer_1/malign/030.jpeg,malign,oral_cancer_1,,
data/raw/oral_cancer_1/malign/031.jpeg,malign,oral_cancer_1,,
data/raw/oral_cancer_1/malign/032.jpeg,malign,oral_cancer_1,,
data/raw/oral_cancer_1/malign/033.jpeg,malign,oral_cancer_1,,
data/raw/oral_cancer_1/malign/034.jpeg,malign,oral_cancer_1,,
data/raw/oral_cancer_1/malign/035.jpeg,malign,oral_cancer_1,,
data/raw/oral_cancer_1/malign/036.jpeg,malign,oral_cancer_1,,
data/raw/oral_cancer_1/malign/037.jpeg,malign,oral_cancer_1,,
data/raw/oral_cancer_1/malign/038.jpeg,malign,oral_cancer_1,,
data/raw/oral_cancer_1/malign/039.jpeg,malign,oral_cancer_1,,
data/raw/oral_cancer_1/malign/040.jpeg,malign,oral_cancer_1,,
data/raw/oral_cancer_1/malign/041.jpeg,malign,oral_cancer_1,,
data/raw/oral_cancer_1/malign/042.jpeg,malign,oral_cancer_1,,
data/raw/oral_cancer_1/malign/043.jpeg,malign,oral_cancer_1,,
data/raw/oral_cancer_1/malign/044.jpeg,malign,oral_cancer_1,,
data/raw/oral_cancer_1/malign/045.jpeg,malign,oral_cancer_1,,
data/raw/oral_cancer_1/malign/046.jpeg,malign,oral_cancer_1,,
data/raw/oral_cancer_1/malign/047.jpeg,malign,oral_cancer_1,,
data/raw/oral_cancer_1/malign/048.jpeg,malign,oral_cancer_1,,
data/raw/oral_cancer_1/malign/049.jpeg,malign,oral_cancer_1,,
data/raw/oral_cancer_1/malign/050.jpeg,malign,oral_cancer_1,,
data/raw/oral_cancer_1/malign/051.jpeg,malign,oral_cancer_1,,
data/raw/oral_cancer_1/malign/052.jpeg,malign,oral_cancer_1,,
data/raw/oral_cancer_1/malign/053.jpeg,malign,oral_cancer_1,,
data/raw/oral_cancer_1/malign/054.jpeg,malign,oral_cancer_1,,
data/raw/oral_cancer_1/malign/055.jpeg,malign,oral_cancer_1,,
data/raw/oral_cancer_1/malign/056.jpeg,malign,oral_cancer_1,,
data/raw/oral_cancer_1/malign/057.jpeg,malign,oral_cancer_1,,
data/raw/oral_cancer_1/malign/058.jpeg,malign,oral_cancer_1,,
data/raw/oral_cancer_1/malign/059.jpeg,malign,oral_cancer_1,,
data/raw/oral_cancer_1/malign/060.jpeg,malign,oral_cancer_1,,
data/raw/oral_cancer_1/malign/061.jpeg,malign,oral_cancer_1,,
data/raw/oral_cancer_1/malign/062.jpeg,malign,oral_cancer_1,,
data/raw/oral_cancer_1/malign/063.jpeg,malign,oral_cancer_1,,
data/raw/oral_cancer_1/malign/064.jpeg,malign,oral_cancer_1,,
data/raw/oral_cancer_1/malign/065.jpeg,malign,oral_cancer_1,,
data/raw/oral_cancer_1/malign/066.jpeg,malign,oral_cancer_1,,
data/raw/oral_cancer_1/malign/067.jpeg,malign,oral_cancer_1,,
data/raw/oral_cancer_1/malign/068.jpeg,malign,oral_cancer_1,,
data/raw/oral_cancer_1/malign/069.jpeg,malign,oral_cancer_1,,
data/raw/oral_cancer_1/malign/070.jpeg,malign,oral_cancer_1,,
data/raw/oral_cancer_1/malign/071.jpeg,malign,oral_cancer_1,,
data/raw/oral_cancer_1/malign/072.jpeg,malign,oral_cancer_1,,
data/raw/oral_cancer_1/malign/073.jpeg,malign,oral_cancer_1,,
data/raw/oral_cancer_1/malign/074.jpeg,malign,oral_cancer_1,,
data/raw/oral_cancer_1/malign/075.jpeg,malign,oral_cancer_1,,
data/raw/oral_cancer_1/malign/076.jpeg,malign,oral_cancer_1,,
data/raw/oral_cancer_1/malign/077.jpeg,malign,oral_cancer_1,,
data/raw/oral_cancer_1/malign/078.jpeg,malign,oral_cancer_1,,
data/raw/oral_cancer_1/malign/079.jpeg,malign,oral_cancer_1,,
data/raw/oral_cancer_1/malign/080.jpeg,malign,oral_cancer_1,,
data/raw/oral_cancer_1/malign/081.jpeg,malign,oral_cancer_1,,
data/raw/oral_cancer_1/malign/082.jpeg,malign,oral_cancer_1,,
data/raw/oral_cancer_1/malign/083.jpeg,malign,oral_cancer_1,,
data/raw/oral_cancer_1/malign/084.jpeg,malign,oral_cancer_1,,
data/raw/oral_cancer_1/malign/085.jpeg,malign,oral_cancer_1,,
data/raw/oral_cancer_1/malign/086.jpeg,malign,oral_cancer_1,,
data/raw/oral_cancer_1/malign/087.jpeg,malign,oral_cancer_1,,
data/raw/oral_cancer_1/malign/088.jpeg,malign,oral_cancer_1,,
data/raw/oral_cancer_1/malign/089.jpeg,malign,oral_cancer_1,,
data/raw/oral_cancer_1/malign/090.jpeg,malign,oral_cancer_1,,
data/raw/oral_cancer_1/malign/091.jpeg,malign,oral_cancer_1,,
data/raw/oral_cancer_1/malign/092.jpeg,malign,oral_cancer_1,,
data/raw/oral_cancer_1/malign/093.jpeg,malign,oral_cancer_1,,
data/raw/oral_cancer_1/malign/094.jpeg,malign,oral_cancer_1,,
data/raw/oral_cancer_1/malign/095.jpeg,malign,oral_cancer_1,,
data/raw/oral_cancer_1/malign/096.jpeg,malign,oral_cancer_1,,
data/raw/oral_cancer_1/malign/097.jpeg,malign,oral_cancer_1,,
data/raw/oral_cancer_1/malign/098.jpeg,malign,oral_cancer_1,,
data/raw/oral_cancer_1/malign/099.jpeg,malign,oral_cancer_1,,
data/raw/oral_cancer_1/malign/100.jpeg,malign,oral_cancer_1,,
data/raw/oral_cancer_1/malign/101.jpeg,malign,oral_cancer_1,,
data/raw/oral_cancer_1/malign/102.jpeg,malign,oral_cancer_1,,
data/raw/oral_cancer_1/malign/103.jpeg,malign,oral_cancer_1,,
data/raw/oral_cancer_1/malign/104.jpeg,malign,oral_cancer_1,,
data/raw/oral_cancer_1/malign/105.jpeg,malign,oral_cancer_1,,
data/raw/oral_cancer_1/malign/106.jpeg,malign,oral_cancer_1,,
data/raw/oral_cancer_1/malign/107.jpeg,malign,oral_cancer_1,,
data/raw/oral_cancer_1/malign/108.jpeg,malign,oral_cancer_1,,
data/raw/oral_cancer_1/malign/109.jpeg,malign,oral_cancer_1,,
data/raw/oral_cancer_1/malign/110.jpeg,malign,oral_cancer_1,,
data/raw/oral_cancer_1/malign/111.jpeg,malign,oral_cancer_1,,
data/raw/oral_cancer_1/malign/112.jpeg,malign,oral_cancer_1,,
data/raw/oral_cancer_1/malign/113.jpeg,malign,oral_cancer_1,,
data/raw/oral_cancer_1/malign/114.jpeg,malign,oral_cancer_1,,
data/raw/oral_cancer_1/malign/115.jpeg,malign,oral_cancer_1,,
data/raw/oral_cancer_1/malign/116.jpeg,malign,oral_cancer_1,,
data/raw/oral_cancer_1/malign/117.jpeg,malign,oral_cancer_1,,
data/raw/oral_cancer_1/malign/118.jpeg,malign,oral_cancer_1,,
data/raw/oral_cancer_1/malign/119.jpeg,malign,oral_cancer_1,,
data/raw/oral_cancer_1/malign/120.jpeg,malign,oral_cancer_1,,
data/raw/oral_cancer_1/malign/121.jpeg,malign,oral_cancer_1,,
data/raw/oral_cancer_1/malign/122.jpeg,malign,oral_cancer_1,,
data/raw/oral_cancer_1/malign/123.jpeg,malign,oral_cancer_1,,
data/raw/oral_cancer_1/malign/124.jpeg,malign,oral_cancer_1,,
data/raw/oral_cancer_1/malign/125.jpeg,malign,oral_cancer_1,,
data/raw/oral_cancer_1/malign/126.jpeg,malign,oral_cancer_1,,
data/raw/oral_cancer_1/malign/127.jpeg,malign,oral_cancer_1,,
data/raw/oral_cancer_1/malign/128.jpeg,malign,oral_cancer_1,,
data/raw/oral_cancer_1/malign/129.jpeg,malign,oral_cancer_1,,
data/raw/oral_cancer_1/malign/130.jpeg,malign,oral_cancer_1,,
data/raw/oral_cancer_1/malign/131.jpeg,malign,oral_cancer_1,,
data/raw/oral_cancer_1/malign/132.jpeg,malign,oral_cancer_1,,
data/raw/oral_cancer_1/malign/133.jpeg,malign,oral_cancer_1,,
data/raw/oral_cancer_1/malign/134.jpeg,malign,oral_cancer_1,,
data/raw/oral_cancer_1/malign/135.jpeg,malign,oral_cancer_1,,
data/raw/oral_cancer_1/malign/136.jpeg,malign,oral_cancer_1,,
data/raw/oral_cancer_1/malign/137.jpeg,malign,oral_cancer_1,,
data/raw/oral_cancer_1/malign/138.jpeg,malign,oral_cancer_1,,
data/raw/oral_cancer_1/malign/139.jpeg,malign,oral_cancer_1,,
data/raw/oral_cancer_1/malign/140.jpeg,malign,oral_cancer_1,,
data/raw/oral_cancer_1/malign/141.jpeg,malign,oral_cancer_1,,
data/raw/oral_cancer_1/malign/142.jpeg,malign,oral_cancer_1,,
data/raw/oral_cancer_1/malign/143.jpeg,malign,oral_cancer_1,,
data/raw/oral_cancer_1/malign/144.jpeg,malign,oral_cancer_1,,
data/raw/oral_cancer_1/malign/145.jpeg,malign,oral_cancer_1,,
data/raw/oral_cancer_1/malign/146.jpeg,malign,oral_cancer_1,,
data/raw/oral_cancer_1/malign/147.jpeg,malign,oral_cancer_1,,
data/raw/oral_cancer_1/malign/148.jpeg,malign,oral_cancer_1,,
data/raw/oral_cancer_1/malign/149.jpeg,malign,oral_cancer_1,,
data/raw/oral_cancer_1/malign/150.jpeg,malign,oral_cancer_1,,
data/raw/oral_cancer_1/malign/151.jpeg,malign,oral_cancer_1,,
data/raw/oral_cancer_1/malign/152.jpeg,malign,oral_cancer_1,,
data/raw/oral_cancer_1/malign/153.jpeg,malign,oral_cancer_1,,
data/raw/oral_cancer_1/malign/154.jpeg,malign,oral_cancer_1,,
data/raw/oral_cancer_1/malign/155.jpeg,malign,oral_cancer_1,,
data/raw/oral_cancer_1/malign/156.jpeg,malign,oral_cancer_1,,
data/raw/oral_cancer_1/malign/157.jpeg,malign,oral_cancer_1,,
data/raw/oral_cancer_1/malign/158.jpeg,malign,oral_cancer_1,,
data/raw/oral_cancer_1/malign/159.jpeg,malign,oral_cancer_1,,
data/raw/oral_cancer_1/malign/160.jpeg,malign,oral_cancer_1,,
data/raw/oral_cancer_1/malign/161.jpeg,malign,oral_cancer_1,,
data/raw/oral_cancer_1/malign/162.jpeg,malign,oral_cancer_1,,
data/raw/oral_cancer_1/malign/163.jpeg,malign,oral_cancer_1,,
data/raw/oral_cancer_1/malign/164.jpeg,malign,oral_cancer_1,,
data/raw/oral_cancer_1/malign/165.jpeg,malign,oral_cancer_1,,
data/raw/oral_cancer_1/malign/166.jpeg,malign,oral_cancer_1,,
data/raw/oral_cancer_1/malign/167.jpeg,malign,oral_cancer_1,,
data/raw/oral_cancer_1/malign/168.jpeg,malign,oral_cancer_1,,
data/raw/oral_cancer_1/malign/169.jpeg,malign,oral_cancer_1,,
data/raw/oral_cancer_1/malign/170.jpeg,malign,oral_cancer_1,,
data/raw/oral_cancer_1/malign/171.jpeg,malign,oral_cancer_1,,
data/raw/oral_cancer_1/malign/172.jpeg,malign,oral_cancer_1,,
data/raw/oral_cancer_1/malign/173.jpeg,malign,oral_cancer_1,,
data/raw/oral_cancer_1/malign/174.jpeg,malign,oral_cancer_1,,
data/raw/oral_cancer_1/malign/175.jpeg,malign,oral_cancer_1,,
data/raw/oral_cancer_1/malign/176.jpeg,malign,oral_cancer_1,,
data/raw/oral_cancer_1/malign/177.jpeg,malign,oral_cancer_1,,
data/raw/oral_cancer_1/malign/178.jpeg,malign,oral_cancer_1,,
data/raw/oral_cancer_1/malign/179.jpeg,malign,oral_cancer_1,,
data/raw/oral_cancer_1/malign/180.jpeg,malign,oral_cancer_1,,
data/raw/oral_cancer_1/malign/181.jpeg,malign,oral_cancer_1,,
data/raw/oral_cancer_1/malign/182.jpeg,malign,oral_cancer_1,,
data/raw/oral_cancer_1/malign/183.jpeg,malign,oral_cancer_1,,
data/raw/oral_cancer_1/malign/184.jpeg,malign,oral_cancer_1,,
data/raw/oral_cancer_1/malign/185.jpeg,malign,oral_cancer_1,,
data/raw/oral_cancer_1/malign/186.jpeg,malign,oral_cancer_1,,
data/raw/oral_cancer_1/malign/187.jpeg,malign,oral_cancer_1,,
data/raw/oral_cancer_1/malign/188.jpeg,malign,oral_cancer_1,,
data/raw/oral_cancer_1/malign/189.jpeg,malign,oral_cancer_1,,
data/raw/oral_cancer_1/malign/190.jpeg,malign,oral_cancer_1,,
data/raw/oral_cancer_1/malign/191.jpeg,malign,oral_cancer_1,,
data/raw/oral_cancer_1/malign/192.jpeg,malign,oral_cancer_1,,
data/raw/oral_cancer_1/malign/193.jpeg,malign,oral_cancer_1,,
data/raw/oral_cancer_1/malign/194.jpeg,malign,oral_cancer_1,,
data/raw/oral_cancer_1/malign/195.jpeg,malign,oral_cancer_1,,
data/raw/oral_cancer_1/malign/196.jpeg,malign,oral_cancer_1,,
data/raw/oral_cancer_1/malign/197.jpeg,malign,oral_cancer_1,,
data/raw/oral_cancer_1/malign/198.jpeg,malign,oral_cancer_1,,
data/raw/oral_cancer_1/malign/199.jpeg,malign,oral_cancer_1,,
data/raw/oral_cancer_1/malign/200.jpeg,malign,oral_cancer_1,,
data/raw/oral_cancer_1/malign/201.jpeg,malign,oral_cancer_1,,
data/raw/oral_cancer_1/malign/202.jpeg,malign,oral_cancer_1,,
data/raw/oral_cancer_1/malign/203.jpeg,malign,oral_cancer_1,,
data/raw/oral_cancer_1/malign/204.jpeg,malign,oral_cancer_1,,
data/raw/oral_cancer_1/malign/205.jpeg,malign,oral_cancer_1,,
data/raw/oral_cancer_1/malign/206.jpeg,malign,oral_cancer_1,,
data/raw/oral_cancer_1/malign/207.jpeg,malign,oral_cancer_1,,
data/raw/oral_cancer_1/malign/208.jpeg,malign,oral_cancer_1,,
data/raw/oral_cancer_1/malign/209.jpeg,malign,oral_cancer_1,,
data/raw/oral_cancer_1/malign/210.jpeg,malign,oral_cancer_1,,
data/raw/oral_cancer_1/malign/211.jpeg,malign,oral_cancer_1,,
data/raw/oral_cancer_1/malign/212.jpeg,malign,oral_cancer_1,,
data/raw/oral_cancer_1/malign/213.jpeg,malign,oral_cancer_1,,
data/raw/oral_cancer_1/malign/214.jpeg,malign,oral_cancer_1,,
data/raw/oral_cancer_1/malign/215.jpeg,malign,oral_cancer_1,,
data/raw/oral_cancer_1/malign/216.jpeg,malign,oral_cancer_1,,
data/raw/oral_cancer_1/malign/217.jpeg,malign,oral_cancer_1,,
data/raw/oral_cancer_1/malign/218.jpeg,malign,oral_cancer_1,,
data/raw/oral_cancer_1/malign/219.jpeg,malign,oral_cancer_1,,
data/raw/oral_cancer_1/malign/220.jpeg,malign,oral_cancer_1,,
data/raw/oral_cancer_1/malign/221.jpeg,malign,oral_cancer_1,,
data/raw/oral_cancer_1/malign/222.jpeg,malign,oral_cancer_1,,
data/raw/oral_cancer_1/malign/223.jpeg,malign,oral_cancer_1,,
data/raw/oral_cancer_1/malign/224.jpeg,malign,oral_cancer_1,,
data/raw/oral_cancer_1/malign/225.jpeg,malign,oral_cancer_1,,
data/raw/oral_cancer_1/malign/226.jpeg,malign,oral_cancer_1,,
data/raw/oral_cancer_1/malign/227.jpeg,malign,oral_cancer_1,,
data/raw/oral_cancer_1/malign/228.jpeg,malign,oral_cancer_1,,
data/raw/oral_cancer_1/malign/229.jpeg,malign,oral_cancer_1,,
data/raw/oral_cancer_1/malign/230.jpeg,malign,oral_cancer_1,,
data/raw/oral_cancer_1/malign/231.jpeg,malign,oral_cancer_1,,
data/raw/oral_cancer_1/malign/232.jpeg,malign,oral_cancer_1,,
data/raw/oral_cancer_1/malign/233.jpeg,malign,oral_cancer_1,,
data/raw/oral_cancer_1/malign/234.jpeg,malign,oral_cancer_1,,
data/raw/oral_cancer_1/malign/235.jpeg,malign,oral_cancer_1,,
data/raw/oral_cancer_1/malign/236.jpeg,malign,oral_cancer_1,,
data/raw/oral_cancer_1/malign/237.jpeg,malign,oral_cancer_1,,
data/raw/oral_cancer_1/malign/238.jpeg,malign,oral_cancer_1,,
data/raw/oral_cancer_1/malign/239.jpeg,malign,oral_cancer_1,,
data/raw/oral_cancer_1/malign/240.jpeg,malign,oral_cancer_1,,
data/raw/oral_cancer_1/malign/241.jpeg,malign,oral_cancer_1,,
data/raw/oral_cancer_1/malign/242.jpeg,malign,oral_cancer_1,,
data/raw/oral_cancer_1/malign/243.jpeg,malign,oral_cancer_1,,
data/raw/oral_cancer_1/malign/244.jpeg,malign,oral_cancer_1,,
data/raw/oral_cancer_1/malign/245.jpeg,malign,oral_cancer_1,,
data/raw/oral_cancer_1/malign/246.jpeg,malign,oral_cancer_1,,
data/raw/oral_cancer_1/malign/247.jpeg,malign,oral_cancer_1,,
data/raw/oral_cancer_1/malign/248.jpeg,malign,oral_cancer_1,,
data/raw/oral_cancer_1/malign/249.jpeg,malign,oral_cancer_1,,
data/raw/oral_cancer_1/malign/250.jpeg,malign,oral_cancer_1,,
data/raw/oral_cancer_1/malign/251.jpeg,malign,oral_cancer_1,,
data/raw/oral_cancer_1/malign/252.jpeg,malign,oral_cancer_1,,
data/raw/oral_cancer_1/malign/253.jpeg,malign,oral_cancer_1,,
data/raw/oral_cancer_1/malign/254.jpeg,malign,oral_cancer_1,,
data/raw/oral_cancer_1/malign/255.jpeg,malign,oral_cancer_1,,
data/raw/oral_cancer_1/malign/256.jpeg,malign,oral_cancer_1,,
data/raw/oral_cancer_1/malign/257.jpeg,malign,oral_cancer_1,,
data/raw/oral_cancer_1/malign/258.jpeg,malign,oral_cancer_1,,
data/raw/oral_cancer_1/malign/259.jpeg,malign,oral_cancer_1,,
data/raw/oral_cancer_1/malign/260.jpeg,malign,oral_cancer_1,,
data/raw/oral_cancer_1/malign/261.jpeg,malign,oral_cancer_1,,
data/raw/oral_cancer_1/malign/262.jpeg,malign,oral_cancer_1,,
data/raw/oral_cancer_1/malign/263.jpeg,malign,oral_cancer_1,,
data/raw/oral_cancer_1/malign/264.jpeg,malign,oral_cancer_1,,
data/raw/oral_cancer_1/malign/265.jpeg,malign,oral_cancer_1,,
data/raw/oral_cancer_1/malign/266.jpeg,malign,oral_cancer_1,,
data/raw/oral_cancer_1/malign/267.jpeg,malign,oral_cancer_1,,
data/raw/oral_cancer_1/malign/268.jpeg,malign,oral_cancer_1,,
data/raw/oral_cancer_1/malign/269.jpeg,malign,oral_cancer_1,,
data/raw/oral_cancer_1/malign/270.jpeg,malign,oral_cancer_1,,
data/raw/oral_cancer_1/malign/271.jpeg,malign,oral_cancer_1,,
data/raw/oral_cancer_1/malign/272.jpeg,malign,oral_cancer_1,,
data/raw/oral_cancer_1/malign/273.jpeg,malign,oral_cancer_1,,
data/raw/oral_cancer_1/malign/274.jpeg,malign,oral_cancer_1,,
data/raw/oral_cancer_1/malign/275.jpeg,malign,oral_cancer_1,,
data/raw/oral_cancer_1/malign/276.jpeg,malign,oral_cancer_1,,
data/raw/oral_cancer_1/malign/277.jpeg,malign,oral_cancer_1,,
data/raw/oral_cancer_1/malign/278.jpeg,malign,oral_cancer_1,,
data/raw/oral_cancer_1/malign/279.jpeg,malign,oral_cancer_1,,
data/raw/oral_cancer_1/malign/280.jpeg,malign,oral_cancer_1,,
data/raw/oral_cancer_1/malign/281.jpeg,malign,oral_cancer_1,,
data/raw/oral_cancer_1/malign/282.jpeg,malign,oral_cancer_1,,
data/raw/oral_cancer_1/malign/283.jpeg,malign,oral_cancer_1,,
data/raw/oral_cancer_1/malign/284.jpeg,malign,oral_cancer_1,,
data/raw/oral_cancer_1/malign/285.jpeg,malign,oral_cancer_1,,
data/raw/oral_cancer_1/malign/286.jpeg,malign,oral_cancer_1,,
data/raw/oral_cancer_1/malign/287.jpeg,malign,oral_cancer_1,,
data/raw/oral_cancer_1/malign/288.jpeg,malign,oral_cancer_1,,
data/raw/oral_cancer_1/malign/289.jpeg,malign,oral_cancer_1,,
data/raw/oral_cancer_1/malign/290.jpeg,malign,oral_cancer_1,,
data/raw/oral_cancer_1/malign/291.jpeg,malign,oral_cancer_1,,
data/raw/oral_cancer_1/malign/292.jpeg,malign,oral_cancer_1,,
data/raw/oral_cancer_1/malign/293.jpeg,malign,oral_cancer_1,,
data/raw/oral_cancer_1/malign/294.jpeg,malign,oral_cancer_1,,
data/raw/oral_cancer_1/malign/295.jpeg,malign,oral_cancer_1,,
data/raw/oral_cancer_1/malign/296.jpeg,malign,oral_cancer_1,,
data/raw/oral_cancer_1/malign/297.jpeg,malign,oral_cancer_1,,
data/raw/oral_cancer_1/malign/298.jpeg,malign,oral_cancer_1,,
data/raw/oral_cancer_1/malign/299.jpeg,malign,oral_cancer_1,,
data/raw/oral_cancer_1/malign/300.jpeg,malign,oral_cancer_1,,
data/raw/oral_cancer_1/malign/301.jpeg,malign,oral_cancer_1,,
data/raw/oral_cancer_1/malign/302.jpeg,malign,oral_cancer_1,,
data/raw/oral_cancer_1/malign/303.jpeg,malign,oral_cancer_1,,
data/raw/oral_cancer_1/malign/304.jpeg,malign,oral_cancer_1,,
data/raw/oral_cancer_1/malign/305.jpeg,malign,oral_cancer_1,,
data/raw/oral_cancer_1/malign/306.jpeg,malign,oral_cancer_1,,
data/raw/oral_cancer_1/malign/307.jpeg,malign,oral_cancer_1,,
data/raw/oral_cancer_1/malign/308.jpeg,malign,oral_cancer_1,,
data/raw/oral_cancer_1/malign/309.jpeg,malign,oral_cancer_1,,
data/raw/oral_cancer_1/malign/310.jpeg,malign,oral_cancer_1,,
data/raw/oral_cancer_1/malign/311.jpeg,malign,oral_cancer_1,,
data/raw/oral_cancer_1/malign/312.jpeg,malign,oral_cancer_1,,
data/raw/oral_cancer_1/malign/313.jpeg,malign,oral_cancer_1,,
data/raw/oral_cancer_1/malign/314.jpeg,malign,oral_cancer_1,,
data/raw/oral_cancer_1/malign/315.jpeg,malign,oral_cancer_1,,
data/raw/oral_cancer_1/malign/316.jpeg,malign,oral_cancer_1,,
data/raw/oral_cancer_1/malign/317.jpeg,malign,oral_cancer_1,,
data/raw/oral_cancer_1/malign/318.jpeg,malign,oral_cancer_1,,
data/raw/oral_cancer_1/malign/319.jpeg,malign,oral_cancer_1,,
data/raw/oral_cancer_1/malign/320.jpeg,malign,oral_cancer_1,,
data/raw/oral_cancer_1/malign/321.jpeg,malign,oral_cancer_1,,
data/raw/oral_cancer_1/malign/322.jpeg,malign,oral_cancer_1,,
data/raw/oral_cancer_1/malign/323.jpeg,malign,oral_cancer_1,,
data/raw/oral_cancer_1/malign/324.jpeg,malign,oral_cancer_1,,
data/raw/oral_cancer_1/malign/325.jpeg,malign,oral_cancer_1,,
data/raw/oral_cancer_1/malign/326.jpeg,malign,oral_cancer_1,,
data/raw/oral_cancer_1/malign/327.jpeg,malign,oral_cancer_1,,
data/raw/oral_cancer_1/malign/328.jpeg,malign,oral_cancer_1,,
data/raw/oral_cancer_1/malign/329.jpeg,malign,oral_cancer_1,,
data/raw/oral_cancer_1/malign/330.jpeg,malign,oral_cancer_1,,
data/raw/oral_cancer_1/malign/331.jpeg,malign,oral_cancer_1,,
data/raw/oral_cancer_1/malign/332.jpeg,malign,oral_cancer_1,,
data/raw/oral_cancer_1/malign/333.jpeg,malign,oral_cancer_1,,
data/raw/oral_cancer_1/malign/334.jpeg,malign,oral_cancer_1,,
data/raw/oral_cancer_1/malign/335.jpeg,malign,oral_cancer_1,,
data/raw/oral_cancer_1/malign/336.jpeg,malign,oral_cancer_1,,
data/raw/oral_cancer_1/malign/337.jpeg,malign,oral_cancer_1,,
data/raw/oral_cancer_1/malign/338.jpeg,malign,oral_cancer_1,,
data/raw/oral_cancer_1/malign/339.jpeg,malign,oral_cancer_1,,
data/raw/oral_cancer_1/malign/340.jpeg,malign,oral_cancer_1,,
data/raw/oral_cancer_1/malign/341.jpeg,malign,oral_cancer_1,,
data/raw/oral_cancer_1/malign/342.jpeg,malign,oral_cancer_1,,
data/raw/oral_cancer_1/malign/343.jpeg,malign,oral_cancer_1,,
data/raw/oral_cancer_1/malign/344.jpeg,malign,oral_cancer_1,,
data/raw/oral_cancer_1/malign/345.jpeg,malign,oral_cancer_1,,
data/raw/oral_cancer_1/malign/346.jpeg,malign,oral_cancer_1,,
data/raw/oral_cancer_1/malign/347.jpeg,malign,oral_cancer_1,,
data/raw/oral_cancer_1/malign/348.jpeg,malign,oral_cancer_1,,
data/raw/oral_cancer_1/malign/349.jpeg,malign,oral_cancer_1,,
data/raw/oral_cancer_1/malign/350.jpeg,malign,oral_cancer_1,,
data/raw/oral_cancer_1/malign/351.jpeg,malign,oral_cancer_1,,
data/raw/oral_cancer_1/malign/352.jpeg,malign,oral_cancer_1,,
data/raw/oral_cancer_1/malign/353.jpeg,malign,oral_cancer_1,,
data/raw/oral_cancer_1/malign/354.jpeg,malign,oral_cancer_1,,
data/raw/oral_cancer_1/malign/355.jpeg,malign,oral_cancer_1,,
data/raw/oral_cancer_1/malign/356.jpeg,malign,oral_cancer_1,,
data/raw/oral_cancer_1/malign/357.jpeg,malign,oral_cancer_1,,
data/raw/oral_cancer_1/malign/358.jpeg,malign,oral_cancer_1,,
data/raw/oral_cancer_1/malign/359.jpeg,malign,oral_cancer_1,,
data/raw/oral_cancer_1/malign/360.jpeg,malign,oral_cancer_1,,
data/raw/oral_cancer_1/malign/361.jpeg,malign,oral_cancer_1,,
data/raw/oral_cancer_1/malign/362.jpeg,malign,oral_cancer_1,,
data/raw/oral_cancer_1/malign/363.jpeg,malign,oral_cancer_1,,
data/raw/oral_cancer_1/malign/364.jpeg,malign,oral_cancer_1,,
data/raw/oral_cancer_1/malign/365.jpeg,malign,oral_cancer_1,,
data/raw/oral_cancer_1/malign/366.jpeg,malign,oral_cancer_1,,
data/raw/oral_cancer_1/malign/367.jpeg,malign,oral_cancer_1,,
data/raw/oral_cancer_1/malign/368.jpeg,malign,oral_cancer_1,,
data/raw/oral_cancer_1/malign/369.jpeg,malign,oral_cancer_1,,
data/raw/oral_cancer_1/malign/370.jpeg,malign,oral_cancer_1,,
data/raw/oral_cancer_1/malign/371.jpeg,malign,oral_cancer_1,,
data/raw/oral_cancer_1/malign/372.jpeg,malign,oral_cancer_1,,
data/raw/oral_cancer_1/malign/373.jpeg,malign,oral_cancer_1,,
data/raw/oral_cancer_1/malign/374.jpeg,malign,oral_cancer_1,,
data/raw/oral_cancer_1/malign/375.jpeg,malign,oral_cancer_1,,
data/raw/oral_cancer_1/malign/376.jpeg,malign,oral_cancer_1,,
data/raw/oral_cancer_1/malign/377.jpeg,malign,oral_cancer_1,,
data/raw/oral_cancer_1/malign/378.jpeg,malign,oral_cancer_1,,
data/raw/oral_cancer_1/malign/379.jpeg,malign,oral_cancer_1,,
data/raw/oral_cancer_1/malign/380.jpeg,malign,oral_cancer_1,,
data/raw/oral_cancer_1/malign/381.jpeg,malign,oral_cancer_1,,
data/raw/oral_cancer_1/malign/382.jpeg,malign,oral_cancer_1,,
data/raw/oral_cancer_1/malign/383.jpeg,malign,oral_cancer_1,,
data/raw/oral_cancer_1/malign/384.jpeg,malign,oral_cancer_1,,
data/raw/oral_cancer_1/malign/385.jpeg,malign,oral_cancer_1,,
data/raw/oral_cancer_1/malign/386.jpeg,malign,oral_cancer_1,,
data/raw/oral_cancer_1/malign/387.jpeg,malign,oral_cancer_1,,
data/raw/oral_cancer_1/malign/388.jpeg,malign,oral_cancer_1,,
data/raw/oral_cancer_1/malign/389.jpeg,malign,oral_cancer_1,,
data/raw/oral_cancer_1/malign/390.jpeg,malign,oral_cancer_1,,
data/raw/oral_cancer_1/malign/391.jpeg,malign,oral_cancer_1,,
data/raw/oral_cancer_1/malign/392.jpeg,malign,oral_cancer_1,,
data/raw/oral_cancer_1/malign/393.jpeg,malign,oral_cancer_1,,
data/raw/oral_cancer_1/malign/394.jpeg,malign,oral_cancer_1,,
data/raw/oral_cancer_1/malign/395.jpeg,malign,oral_cancer_1,,
data/raw/oral_cancer_1/malign/396.jpeg,malign,oral_cancer_1,,
data/raw/oral_cancer_1/malign/397.jpeg,malign,oral_cancer_1,,
data/raw/oral_cancer_1/malign/398.jpeg,malign,oral_cancer_1,,
data/raw/oral_cancer_1/malign/399.jpeg,malign,oral_cancer_1,,
data/raw/oral_cancer_1/malign/400.jpeg,malign,oral_cancer_1,,
data/raw/oral_cancer_1/malign/401.jpeg,malign,oral_cancer_1,,
data/raw/oral_cancer_1/malign/402.jpeg,malign,oral_cancer_1,,
data/raw/oral_cancer_1/malign/403.jpeg,malign,oral_cancer_1,,
data/raw/oral_cancer_1/malign/404.jpeg,malign,oral_cancer_1,,
data/raw/oral_cancer_1/malign/405.jpeg,malign,oral_cancer_1,,
data/raw/oral_cancer_1/malign/406.jpeg,malign,oral_cancer_1,,
data/raw/oral_cancer_1/malign/407.jpeg,malign,oral_cancer_1,,
data/raw/oral_cancer_1/malign/408.jpeg,malign,oral_cancer_1,,
data/raw/oral_cancer_1/malign/409.jpeg,malign,oral_cancer_1,,
data/raw/oral_cancer_1/malign/410.jpeg,malign,oral_cancer_1,,
data/raw/oral_cancer_1/malign/411.jpeg,malign,oral_cancer_1,,
data/raw/oral_cancer_1/malign/412.jpeg,malign,oral_cancer_1,,
data/raw/oral_cancer_1/malign/413.jpeg,malign,oral_cancer_1,,
data/raw/oral_cancer_1/malign/414.jpeg,malign,oral_cancer_1,,
data/raw/oral_cancer_1/malign/415.jpeg,malign,oral_cancer_1,,
data/raw/oral_cancer_1/malign/416.jpeg,malign,oral_cancer_1,,
data/raw/oral_cancer_1/malign/417.jpeg,malign,oral_cancer_1,,
data/raw/oral_cancer_1/malign/418.jpeg,malign,oral_cancer_1,,
data/raw/oral_cancer_1/malign/419.jpeg,malign,oral_cancer_1,,
data/raw/oral_cancer_1/malign/420.jpeg,malign,oral_cancer_1,,
data/raw/oral_cancer_1/malign/421.jpeg,malign,oral_cancer_1,,
data/raw/oral_cancer_1/malign/422.jpeg,malign,oral_cancer_1,,
data/raw/oral_cancer_1/malign/423.jpeg,malign,oral_cancer_1,,
data/raw/oral_cancer_1/malign/424.jpeg,malign,oral_cancer_1,,
data/raw/oral_cancer_1/malign/425.jpeg,malign,oral_cancer_1,,
data/raw/oral_cancer_1/malign/426.jpeg,malign,oral_cancer_1,,
data/raw/oral_cancer_1/malign/427.jpeg,malign,oral_cancer_1,,
data/raw/oral_cancer_1/malign/428.jpeg,malign,oral_cancer_1,,
data/raw/oral_cancer_1/malign/429.jpeg,malign,oral_cancer_1,,
data/raw/oral_cancer_1/malign/430.jpeg,malign,oral_cancer_1,,
data/raw/oral_cancer_1/malign/431.jpeg,malign,oral_cancer_1,,
data/raw/oral_cancer_1/malign/432.jpeg,malign,oral_cancer_1,,
data/raw/oral_cancer_1/malign/433.jpeg,malign,oral_cancer_1,,
data/raw/oral_cancer_1/malign/434.jpeg,malign,oral_cancer_1,,
data/raw/oral_cancer_1/malign/435.jpeg,malign,oral_cancer_1,,
data/raw/oral_cancer_1/malign/436.jpeg,malign,oral_cancer_1,,
data/raw/oral_cancer_1/malign/437.jpeg,malign,oral_cancer_1,,
data/raw/oral_cancer_1/malign/438.jpeg,malign,oral_cancer_1,,
data/raw/oral_cancer_1/malign/439.jpeg,malign,oral_cancer_1,,
data/raw/oral_cancer_1/malign/440.jpeg,malign,oral_cancer_1,,
data/raw/oral_cancer_1/malign/441.jpeg,malign,oral_cancer_1,,
data/raw/oral_cancer_1/malign/442.jpeg,malign,oral_cancer_1,,
data/raw/oral_cancer_1/malign/443.jpeg,malign,oral_cancer_1,,
data/raw/oral_cancer_1/malign/444.jpeg,malign,oral_cancer_1,,
data/raw/oral_cancer_1/malign/445.jpeg,malign,oral_cancer_1,,
data/raw/oral_cancer_1/malign/446.jpeg,malign,oral_cancer_1,,
data/raw/oral_cancer_1/malign/447.jpeg,malign,oral_cancer_1,,
data/raw/oral_cancer_1/malign/448.jpeg,malign,oral_cancer_1,,
data/raw/oral_cancer_1/malign/449.jpeg,malign,oral_cancer_1,,
data/raw/oral_cancer_1/malign/450.jpeg,malign,oral_cancer_1,,
data/raw/oral_cancer_1/malign/451.jpeg,malign,oral_cancer_1,,
data/raw/oral_cancer_1/malign/452.jpeg,malign,oral_cancer_1,,
data/raw/oral_cancer_1/malign/453.jpeg,malign,oral_cancer_1,,
data/raw/oral_cancer_1/malign/454.jpeg,malign,oral_cancer_1,,
data/raw/oral_cancer_1/malign/455.jpeg,malign,oral_cancer_1,,
data/raw/oral_cancer_1/malign/456.jpeg,malign,oral_cancer_1,,
data/raw/oral_cancer_1/malign/457.jpeg,malign,oral_cancer_1,,
data/raw/oral_cancer_1/malign/458.jpeg,malign,oral_cancer_1,,
data/raw/oral_cancer_1/malign/459.jpeg,malign,oral_cancer_1,,
data/raw/oral_cancer_1/malign/460.jpeg,malign,oral_cancer_1,,
data/raw/oral_cancer_1/malign/461.jpeg,malign,oral_cancer_1,,
data/raw/oral_cancer_1/malign/462.jpeg,malign,oral_cancer_1,,
data/raw/oral_cancer_1/malign/463.jpeg,malign,oral_cancer_1,,
data/raw/oral_cancer_1/malign/464.jpeg,malign,oral_cancer_1,,
data/raw/oral_cancer_1/malign/465.jpeg,malign,oral_cancer_1,,
data/raw/oral_cancer_1/malign/466.jpeg,malign,oral_cancer_1,,
data/raw/oral_cancer_1/malign/467.jpeg,malign,oral_cancer_1,,
data/raw/oral_cancer_1/malign/468.jpeg,malign,oral_cancer_1,,
data/raw/oral_cancer_1/malign/469.jpeg,malign,oral_cancer_1,,
data/raw/oral_cancer_1/malign/470.jpeg,malign,oral_cancer_1,,
data/raw/oral_cancer_1/malign/471.jpeg,malign,oral_cancer_1,,
data/raw/oral_cancer_1/malign/472.jpeg,malign,oral_cancer_1,,
data/raw/oral_cancer_1/malign/473.jpeg,malign,oral_cancer_1,,
data/raw/oral_cancer_1/malign/474.jpeg,malign,oral_cancer_1,,
data/raw/oral_cancer_1/malign/475.jpeg,malign,oral_cancer_1,,
data/raw/oral_cancer_1/malign/476.jpeg,malign,oral_cancer_1,,
data/raw/oral_cancer_1/malign/477.jpeg,malign,oral_cancer_1,,
data/raw/oral_cancer_1/malign/478.jpeg,malign,oral_cancer_1,,
data/raw/oral_cancer_1/malign/479.jpeg,malign,oral_cancer_1,,
data/raw/oral_cancer_1/malign/480.jpeg,malign,oral_cancer_1,,
data/raw/oral_cancer_1/malign/481.jpeg,malign,oral_cancer_1,,
data/raw/oral_cancer_1/malign/482.jpeg,malign,oral_cancer_1,,
data/raw/oral_cancer_1/malign/483.jpeg,malign,oral_cancer_1,,
data/raw/oral_cancer_1/malign/484.jpeg,malign,oral_cancer_1,,
data/raw/oral_cancer_1/malign/485.jpeg,malign,oral_cancer_1,,
data/raw/oral_cancer_1/malign/486.jpeg,malign,oral_cancer_1,,
data/raw/oral_cancer_1/malign/487.jpeg,malign,oral_cancer_1,,
data/raw/oral_cancer_1/malign/488.jpeg,malign,oral_cancer_1,,
data/raw/oral_cancer_1/malign/489.jpeg,malign,oral_cancer_1,,
data/raw/oral_cancer_1/malign/490.jpeg,malign,oral_cancer_1,,
data/raw/oral_cancer_1/malign/491.jpeg,malign,oral_cancer_1,,
data/raw/oral_cancer_1/malign/492.jpeg,malign,oral_cancer_1,,
data/raw/oral_cancer_1/malign/493.jpeg,malign,oral_cancer_1,,
data/raw/oral_cancer_1/malign/494.jpeg,malign,oral_cancer_1,,
data/raw/oral_cancer_1/malign/495.jpeg,malign,oral_cancer_1,,
data/raw/oral_cancer_1/malign/496.jpeg,malign,oral_cancer_1,,
data/raw/oral_cancer_1/malign/497.jpeg,malign,oral_cancer_1,,
data/raw/oral_cancer_1/malign/498.jpeg,malign,oral_cancer_1,,
data/raw/oral_cancer_1/malign/499.jpeg,malign,oral_cancer_1,,
data/raw/oral_cancer_1/malign/500.jpeg,malign,oral_cancer_1,,
